kaithi,hindi
𑂍𑂪 𑂮𑂲𑂞𑂰 𑂐𑂩 𑂔𑂰 𑂩𑂯𑂰 𑂯𑂴𑂀,कल सीता घर जा रहा हूँ
𑂍𑂪 𑂞𑂳𑂧 𑂥𑂰𑂔𑂰𑂩 𑂔𑂰 𑂩𑂯𑂰 𑂯𑂴𑂀,कल तुम बाजार जा रहा हूँ
𑂍𑂪 𑂩𑂰𑂧 𑂐𑂩 𑂪𑂱𑂎 𑂩𑂯𑂰 𑂯𑂴𑂀,कल राम घर लिख रहा हूँ
𑂔𑂪𑂹𑂠𑂲 𑂞𑂳𑂧 𑂥𑂰𑂔𑂰𑂩 𑂔𑂰 𑂩𑂯𑂰 𑂯𑂴𑂀,जल्दी तुम बाजार जा रहा हूँ
𑂄𑂔 𑂞𑂳𑂧 𑂍𑂱𑂞𑂰𑂥 𑂎𑂰 𑂩𑂯𑂰 𑂯𑂴𑂀,आज तुम किताब खा रहा हूँ
𑂡𑂲𑂩𑂵 𑂯𑂧 𑂍𑂱𑂞𑂰𑂥 𑂎𑂰 𑂩𑂯𑂰 𑂯𑂴𑂀,धीरे हम किताब खा रहा हूँ
𑂄𑂔 𑂧𑂶𑂁 𑂍𑂱𑂞𑂰𑂥 𑂔𑂰 𑂩𑂯𑂰 𑂯𑂴𑂀,आज मैं किताब जा रहा हूँ
𑂔𑂪𑂹𑂠𑂲 𑂮𑂲𑂞𑂰 𑂐𑂩 𑂪𑂱𑂎 𑂩𑂯𑂰 𑂯𑂴𑂀,जल्दी सीता घर लिख रहा हूँ
𑂔𑂪𑂹𑂠𑂲 𑂮𑂲𑂞𑂰 𑂍𑂱𑂞𑂰𑂥 𑂠𑂵𑂎 𑂩𑂯𑂰 𑂯𑂴𑂀,जल्दी सीता किताब देख रहा हूँ
𑂄𑂔 𑂯𑂧 𑂎𑂰𑂢𑂰 𑂔𑂰 𑂩𑂯𑂰 𑂯𑂴𑂀,आज हम खाना जा रहा हूँ
𑂃𑂦𑂲 𑂩𑂰𑂧 𑂮𑂹𑂍𑂴𑂪 𑂔𑂰 𑂩𑂯𑂰 𑂯𑂴𑂀,अभी राम स्कूल जा रहा हूँ
𑂔𑂪𑂹𑂠𑂲 𑂫𑂯 𑂥𑂰𑂔𑂰𑂩 𑂎𑂰 𑂩𑂯𑂰 𑂯𑂴𑂀,जल्दी वह बाजार खा रहा हूँ
𑂡𑂲𑂩𑂵 𑂩𑂰𑂧 𑂮𑂹𑂍𑂴𑂪 𑂣𑂜 𑂩𑂯𑂰 𑂯𑂴𑂀,धीरे राम स्कूल पढ़ रहा हूँ
𑂍𑂪 𑂯𑂧 𑂎𑂰𑂢𑂰 𑂪𑂱𑂎 𑂩𑂯𑂰 𑂯𑂴𑂀,कल हम खाना लिख रहा हूँ
𑂄𑂔 𑂮𑂲𑂞𑂰 𑂎𑂰𑂢𑂰 𑂠𑂵𑂎 𑂩𑂯𑂰 𑂯𑂴𑂀,आज सीता खाना देख रहा हूँ
𑂃𑂦𑂲 𑂞𑂳𑂧 𑂍𑂱𑂞𑂰𑂥 𑂪𑂱𑂎 𑂩𑂯𑂰 𑂯𑂴𑂀,अभी तुम किताब लिख रहा हूँ
𑂍𑂪 𑂧𑂶𑂁 𑂥𑂰𑂔𑂰𑂩 𑂎𑂰 𑂩𑂯𑂰 𑂯𑂴𑂀,कल मैं बाजार खा रहा हूँ
𑂔𑂪𑂹𑂠𑂲 𑂮𑂲𑂞𑂰 𑂎𑂰𑂢𑂰 𑂪𑂱𑂎 𑂩𑂯𑂰 𑂯𑂴𑂀,जल्दी सीता खाना लिख रहा हूँ
𑂄𑂔 𑂩𑂰𑂧 𑂍𑂱𑂞𑂰𑂥 𑂣𑂜 𑂩𑂯𑂰 𑂯𑂴𑂀,आज राम किताब पढ़ रहा हूँ
𑂃𑂦𑂲 𑂧𑂶𑂁 𑂐𑂩 𑂔𑂰 𑂩𑂯𑂰 𑂯𑂴𑂀,अभी मैं घर जा रहा हूँ
𑂔𑂪𑂹𑂠𑂲 𑂯𑂧 𑂎𑂰𑂢𑂰 𑂠𑂵𑂎 𑂩𑂯𑂰 𑂯𑂴𑂀,जल्दी हम खाना देख रहा हूँ
𑂃𑂦𑂲 𑂩𑂰𑂧 𑂐𑂩 𑂎𑂰 𑂩𑂯𑂰 𑂯𑂴𑂀,अभी राम घर खा रहा हूँ
𑂡𑂲𑂩𑂵 𑂞𑂳𑂧 𑂥𑂰𑂔𑂰𑂩 𑂎𑂰 𑂩𑂯𑂰 𑂯𑂴𑂀,धीरे तुम बाजार खा रहा हूँ
𑂍𑂪 𑂞𑂳𑂧 𑂍𑂱𑂞𑂰𑂥 𑂔𑂰 𑂩𑂯𑂰 𑂯𑂴𑂀,कल तुम किताब जा रहा हूँ
𑂔𑂪𑂹𑂠𑂲 𑂩𑂰𑂧 𑂥𑂰𑂔𑂰𑂩 𑂣𑂜 𑂩𑂯𑂰 𑂯𑂴𑂀,जल्दी राम बाजार पढ़ रहा हूँ
𑂍𑂪 𑂫𑂯 𑂐𑂩 𑂔𑂰 𑂩𑂯𑂰 𑂯𑂴𑂀,कल वह घर जा रहा हूँ
𑂡𑂲𑂩𑂵 𑂩𑂰𑂧 𑂥𑂰𑂔𑂰𑂩 𑂔𑂰 𑂩𑂯𑂰 𑂯𑂴𑂀,धीरे राम बाजार जा रहा हूँ
𑂡𑂲𑂩𑂵 𑂞𑂳𑂧 𑂍𑂱𑂞𑂰𑂥 𑂎𑂰 𑂩𑂯𑂰 𑂯𑂴𑂀,धीरे तुम किताब खा रहा हूँ
𑂄𑂔 𑂮𑂲𑂞𑂰 𑂐𑂩 𑂠𑂵𑂎 𑂩𑂯𑂰 𑂯𑂴𑂀,आज सीता घर देख रहा हूँ
𑂡𑂲𑂩𑂵 𑂫𑂯 𑂮𑂹𑂍𑂴𑂪 𑂔𑂰 𑂩𑂯𑂰 𑂯𑂴𑂀,धीरे वह स्कूल जा रहा हूँ
𑂃𑂦𑂲 𑂯𑂧 𑂥𑂰𑂔𑂰𑂩 𑂣𑂜 𑂩𑂯𑂰 𑂯𑂴𑂀,अभी हम बाजार पढ़ रहा हूँ
𑂡𑂲𑂩𑂵 𑂞𑂳𑂧 𑂐𑂩 𑂣𑂜 𑂩𑂯𑂰 𑂯𑂴𑂀,धीरे तुम घर पढ़ रहा हूँ
𑂡𑂲𑂩𑂵 𑂧𑂶𑂁 𑂮𑂹𑂍𑂴𑂪 𑂎𑂰 𑂩𑂯𑂰 𑂯𑂴𑂀,धीरे मैं स्कूल खा रहा हूँ
𑂍𑂪 𑂫𑂯 𑂍𑂱𑂞𑂰𑂥 𑂔𑂰 𑂩𑂯𑂰 𑂯𑂴𑂀,कल वह किताब जा रहा हूँ
𑂍𑂪 𑂫𑂯 𑂥𑂰𑂔𑂰𑂩 𑂣𑂜 𑂩𑂯𑂰 𑂯𑂴𑂀,कल वह बाजार पढ़ रहा हूँ
𑂡𑂲𑂩𑂵 𑂩𑂰𑂧 𑂥𑂰𑂔𑂰𑂩 𑂪𑂱𑂎 𑂩𑂯𑂰 𑂯𑂴𑂀,धीरे राम बाजार लिख रहा हूँ
𑂃𑂦𑂲 𑂫𑂯 𑂐𑂩 𑂎𑂰 𑂩𑂯𑂰 𑂯𑂴𑂀,अभी वह घर खा रहा हूँ
𑂃𑂦𑂲 𑂫𑂯 𑂮𑂹𑂍𑂴𑂪 𑂔𑂰 𑂩𑂯𑂰 𑂯𑂴𑂀,अभी वह स्कूल जा रहा हूँ
𑂍𑂪 𑂩𑂰𑂧 𑂎𑂰𑂢𑂰 𑂣𑂜 𑂩𑂯𑂰 𑂯𑂴𑂀,कल राम खाना पढ़ रहा हूँ
𑂔𑂪𑂹𑂠𑂲 𑂞𑂳𑂧 𑂐𑂩 𑂎𑂰 𑂩𑂯𑂰 𑂯𑂴𑂀,जल्दी तुम घर खा रहा हूँ
𑂔𑂪𑂹𑂠𑂲 𑂮𑂲𑂞𑂰 𑂥𑂰𑂔𑂰𑂩 𑂣𑂜 𑂩𑂯𑂰 𑂯𑂴𑂀,जल्दी सीता बाजार पढ़ रहा हूँ
𑂄𑂔 𑂧𑂶𑂁 𑂎𑂰𑂢𑂰 𑂪𑂱𑂎 𑂩𑂯𑂰 𑂯𑂴𑂀,आज मैं खाना लिख रहा हूँ
𑂍𑂪 𑂯𑂧 𑂥𑂰𑂔𑂰𑂩 𑂔𑂰 𑂩𑂯𑂰 𑂯𑂴𑂀,कल हम बाजार जा रहा हूँ
𑂡𑂲𑂩𑂵 𑂩𑂰𑂧 𑂮𑂹𑂍𑂴𑂪 𑂣𑂜 𑂩𑂯𑂰 𑂯𑂴𑂀,धीरे राम स्कूल पढ़ रहा हूँ
𑂍𑂪 𑂯𑂧 𑂮𑂹𑂍𑂴𑂪 𑂔𑂰 𑂩𑂯𑂰 𑂯𑂴𑂀,कल हम स्कूल जा रहा हूँ
𑂄𑂔 𑂫𑂯 𑂥𑂰𑂔𑂰𑂩 𑂠𑂵𑂎 𑂩𑂯𑂰 𑂯𑂴𑂀,आज वह बाजार देख रहा हूँ
𑂍𑂪 𑂮𑂲𑂞𑂰 𑂎𑂰𑂢𑂰 𑂎𑂰 𑂩𑂯𑂰 𑂯𑂴𑂀,कल सीता खाना खा रहा हूँ
𑂡𑂲𑂩𑂵 𑂞𑂳𑂧 𑂎𑂰𑂢𑂰 𑂪𑂱𑂎 𑂩𑂯𑂰 𑂯𑂴𑂀,धीरे तुम खाना लिख रहा हूँ
𑂍𑂪 𑂯𑂧 𑂍𑂱𑂞𑂰𑂥 𑂪𑂱𑂎 𑂩𑂯𑂰 𑂯𑂴𑂀,कल हम किताब लिख रहा हूँ
𑂄𑂔 𑂯𑂧 𑂮𑂹𑂍𑂴𑂪 𑂎𑂰 𑂩𑂯𑂰 𑂯𑂴𑂀,आज हम स्कूल खा रहा हूँ
𑂍𑂪 𑂫𑂯 𑂮𑂹𑂍𑂴𑂪 𑂪𑂱𑂎 𑂩𑂯𑂰 𑂯𑂴𑂀,कल वह स्कूल लिख रहा हूँ
𑂄𑂔 𑂮𑂲𑂞𑂰 𑂮𑂹𑂍𑂴𑂪 𑂔𑂰 𑂩𑂯𑂰 𑂯𑂴𑂀,आज सीता स्कूल जा रहा हूँ
𑂄𑂔 𑂩𑂰𑂧 𑂮𑂹𑂍𑂴𑂪 𑂠𑂵𑂎 𑂩𑂯𑂰 𑂯𑂴𑂀,आज राम स्कूल देख रहा हूँ
𑂔𑂪𑂹𑂠𑂲 𑂫𑂯 𑂎𑂰𑂢𑂰 𑂣𑂜 𑂩𑂯𑂰 𑂯𑂴𑂀,जल्दी वह खाना पढ़ रहा हूँ
𑂡𑂲𑂩𑂵 𑂮𑂲𑂞𑂰 𑂍𑂱𑂞𑂰𑂥 𑂔𑂰 𑂩𑂯𑂰 𑂯𑂴𑂀,धीरे सीता किताब जा रहा हूँ
𑂃𑂦𑂲 𑂮𑂲𑂞𑂰 𑂮𑂹𑂍𑂴𑂪 𑂔𑂰 𑂩𑂯𑂰 𑂯𑂴𑂀,अभी सीता स्कूल जा रहा हूँ
𑂍𑂪 𑂮𑂲𑂞𑂰 𑂍𑂱𑂞𑂰𑂥 𑂔𑂰 𑂩𑂯𑂰 𑂯𑂴𑂀,कल सीता किताब जा रहा हूँ
𑂔𑂪𑂹𑂠𑂲 𑂯𑂧 𑂐𑂩 𑂎𑂰 𑂩𑂯𑂰 𑂯𑂴𑂀,जल्दी हम घर खा रहा हूँ
𑂍𑂪 𑂧𑂶𑂁 𑂥𑂰𑂔𑂰𑂩 𑂠𑂵𑂎 𑂩𑂯𑂰 𑂯𑂴𑂀,कल मैं बाजार देख रहा हूँ
𑂡𑂲𑂩𑂵 𑂧𑂶𑂁 𑂮𑂹𑂍𑂴𑂪 𑂔𑂰 𑂩𑂯𑂰 𑂯𑂴𑂀,धीरे मैं स्कूल जा रहा हूँ
𑂄𑂔 𑂧𑂶𑂁 𑂐𑂩 𑂠𑂵𑂎 𑂩𑂯𑂰 𑂯𑂴𑂀,आज मैं घर देख रहा हूँ
𑂡𑂲𑂩𑂵 𑂮𑂲𑂞𑂰 𑂍𑂱𑂞𑂰𑂥 𑂣𑂜 𑂩𑂯𑂰 𑂯𑂴𑂀,धीरे सीता किताब पढ़ रहा हूँ
𑂃𑂦𑂲 𑂫𑂯 𑂥𑂰𑂔𑂰𑂩 𑂠𑂵𑂎 𑂩𑂯𑂰 𑂯𑂴𑂀,अभी वह बाजार देख रहा हूँ
𑂃𑂦𑂲 𑂩𑂰𑂧 𑂎𑂰𑂢𑂰 𑂣𑂜 𑂩𑂯𑂰 𑂯𑂴𑂀,अभी राम खाना पढ़ रहा हूँ
𑂔𑂪𑂹𑂠𑂲 𑂩𑂰𑂧 𑂥𑂰𑂔𑂰𑂩 𑂪𑂱𑂎 𑂩𑂯𑂰 𑂯𑂴𑂀,जल्दी राम बाजार लिख रहा हूँ
𑂡𑂲𑂩𑂵 𑂯𑂧 𑂐𑂩 𑂪𑂱𑂎 𑂩𑂯𑂰 𑂯𑂴𑂀,धीरे हम घर लिख रहा हूँ
𑂡𑂲𑂩𑂵 𑂯𑂧 𑂎𑂰𑂢𑂰 𑂣𑂜 𑂩𑂯𑂰 𑂯𑂴𑂀,धीरे हम खाना पढ़ रहा हूँ
𑂄𑂔 𑂯𑂧 𑂮𑂹𑂍𑂴𑂪 𑂔𑂰 𑂩𑂯𑂰 𑂯𑂴𑂀,आज हम स्कूल जा रहा हूँ
𑂡𑂲𑂩𑂵 𑂩𑂰𑂧 𑂥𑂰𑂔𑂰𑂩 𑂔𑂰 𑂩𑂯𑂰 𑂯𑂴𑂀,धीरे राम बाजार जा रहा हूँ
𑂃𑂦𑂲 𑂧𑂶𑂁 𑂐𑂩 𑂠𑂵𑂎 𑂩𑂯𑂰 𑂯𑂴𑂀,अभी मैं घर देख रहा हूँ
𑂃𑂦𑂲 𑂫𑂯 𑂥𑂰𑂔𑂰𑂩 𑂎𑂰 𑂩𑂯𑂰 𑂯𑂴𑂀,अभी वह बाजार खा रहा हूँ
𑂍𑂪 𑂫𑂯 𑂐𑂩 𑂔𑂰 𑂩𑂯𑂰 𑂯𑂴𑂀,कल वह घर जा रहा हूँ
𑂔𑂪𑂹𑂠𑂲 𑂞𑂳𑂧 𑂎𑂰𑂢𑂰 𑂠𑂵𑂎 𑂩𑂯𑂰 𑂯𑂴𑂀,जल्दी तुम खाना देख रहा हूँ
𑂃𑂦𑂲 𑂮𑂲𑂞𑂰 𑂐𑂩 𑂔𑂰 𑂩𑂯𑂰 𑂯𑂴𑂀,अभी सीता घर जा रहा हूँ
𑂃𑂦𑂲 𑂞𑂳𑂧 𑂥𑂰𑂔𑂰𑂩 𑂔𑂰 𑂩𑂯𑂰 𑂯𑂴𑂀,अभी तुम बाजार जा रहा हूँ
𑂃𑂦𑂲 𑂞𑂳𑂧 𑂥𑂰𑂔𑂰𑂩 𑂔𑂰 𑂩𑂯𑂰 𑂯𑂴𑂀,अभी तुम बाजार जा रहा हूँ
𑂄𑂔 𑂧𑂶𑂁 𑂍𑂱𑂞𑂰𑂥 𑂎𑂰 𑂩𑂯𑂰 𑂯𑂴𑂀,आज मैं किताब खा रहा हूँ
𑂡𑂲𑂩𑂵 𑂞𑂳𑂧 𑂥𑂰𑂔𑂰𑂩 𑂪𑂱𑂎 𑂩𑂯𑂰 𑂯𑂴𑂀,धीरे तुम बाजार लिख रहा हूँ
𑂄𑂔 𑂯𑂧 𑂎𑂰𑂢𑂰 𑂪𑂱𑂎 𑂩𑂯𑂰 𑂯𑂴𑂀,आज हम खाना लिख रहा हूँ
𑂔𑂪𑂹𑂠𑂲 𑂯𑂧 𑂥𑂰𑂔𑂰𑂩 𑂣𑂜 𑂩𑂯𑂰 𑂯𑂴𑂀,जल्दी हम बाजार पढ़ रहा हूँ
𑂃𑂦𑂲 𑂞𑂳𑂧 𑂮𑂹𑂍𑂴𑂪 𑂣𑂜 𑂩𑂯𑂰 𑂯𑂴𑂀,अभी तुम स्कूल पढ़ रहा हूँ
𑂍𑂪 𑂮𑂲𑂞𑂰 𑂐𑂩 𑂔𑂰 𑂩𑂯𑂰 𑂯𑂴𑂀,कल सीता घर जा रहा हूँ
𑂄𑂔 𑂯𑂧 𑂎𑂰𑂢𑂰 𑂪𑂱𑂎 𑂩𑂯𑂰 𑂯𑂴𑂀,आज हम खाना लिख रहा हूँ
𑂄𑂔 𑂮𑂲𑂞𑂰 𑂥𑂰𑂔𑂰𑂩 𑂎𑂰 𑂩𑂯𑂰 𑂯𑂴𑂀,आज सीता बाजार खा रहा हूँ
𑂃𑂦𑂲 𑂫𑂯 𑂍𑂱𑂞𑂰𑂥 𑂠𑂵𑂎 𑂩𑂯𑂰 𑂯𑂴𑂀,अभी वह किताब देख रहा हूँ
𑂍𑂪 𑂮𑂲𑂞𑂰 𑂥𑂰𑂔𑂰𑂩 𑂪𑂱𑂎 𑂩𑂯𑂰 𑂯𑂴𑂀,कल सीता बाजार लिख रहा हूँ
𑂃𑂦𑂲 𑂮𑂲𑂞𑂰 𑂎𑂰𑂢𑂰 𑂪𑂱𑂎 𑂩𑂯𑂰 𑂯𑂴𑂀,अभी सीता खाना लिख रहा हूँ
𑂔𑂪𑂹𑂠𑂲 𑂮𑂲𑂞𑂰 𑂮𑂹𑂍𑂴𑂪 𑂎𑂰 𑂩𑂯𑂰 𑂯𑂴𑂀,जल्दी सीता स्कूल खा रहा हूँ
𑂃𑂦𑂲 𑂫𑂯 𑂐𑂩 𑂠𑂵𑂎 𑂩𑂯𑂰 𑂯𑂴𑂀,अभी वह घर देख रहा हूँ
𑂃𑂦𑂲 𑂧𑂶𑂁 𑂮𑂹𑂍𑂴𑂪 𑂪𑂱𑂎 𑂩𑂯𑂰 𑂯𑂴𑂀,अभी मैं स्कूल लिख रहा हूँ
𑂍𑂪 𑂯𑂧 𑂐𑂩 𑂔𑂰 𑂩𑂯𑂰 𑂯𑂴𑂀,कल हम घर जा रहा हूँ
𑂔𑂪𑂹𑂠𑂲 𑂧𑂶𑂁 𑂮𑂹𑂍𑂴𑂪 𑂪𑂱𑂎 𑂩𑂯𑂰 𑂯𑂴𑂀,जल्दी मैं स्कूल लिख रहा हूँ
𑂡𑂲𑂩𑂵 𑂫𑂯 𑂮𑂹𑂍𑂴𑂪 𑂣𑂜 𑂩𑂯𑂰 𑂯𑂴𑂀,धीरे वह स्कूल पढ़ रहा हूँ
𑂄𑂔 𑂧𑂶𑂁 𑂍𑂱𑂞𑂰𑂥 𑂔𑂰 𑂩𑂯𑂰 𑂯𑂴𑂀,आज मैं किताब जा रहा हूँ
𑂃𑂦𑂲 𑂧𑂶𑂁 𑂐𑂩 𑂠𑂵𑂎 𑂩𑂯𑂰 𑂯𑂴𑂀,अभी मैं घर देख रहा हूँ
𑂡𑂲𑂩𑂵 𑂧𑂶𑂁 𑂐𑂩 𑂔𑂰 𑂩𑂯𑂰 𑂯𑂴𑂀,धीरे मैं घर जा रहा हूँ
𑂔𑂪𑂹𑂠𑂲 𑂞𑂳𑂧 𑂐𑂩 𑂔𑂰 𑂩𑂯𑂰 𑂯𑂴𑂀,जल्दी तुम घर जा रहा हूँ
𑂄𑂔 𑂯𑂧 𑂍𑂱𑂞𑂰𑂥 𑂔𑂰 𑂩𑂯𑂰 𑂯𑂴𑂀,आज हम किताब जा रहा हूँ
𑂡𑂲𑂩𑂵 𑂧𑂶𑂁 𑂎𑂰𑂢𑂰 𑂠𑂵𑂎 𑂩𑂯𑂰 𑂯𑂴𑂀,धीरे मैं खाना देख रहा हूँ
𑂔𑂪𑂹𑂠𑂲 𑂩𑂰𑂧 𑂎𑂰𑂢𑂰 𑂪𑂱𑂎 𑂩𑂯𑂰 𑂯𑂴𑂀,जल्दी राम खाना लिख रहा हूँ
𑂍𑂪 𑂫𑂯 𑂎𑂰𑂢𑂰 𑂎𑂰 𑂩𑂯𑂰 𑂯𑂴𑂀,कल वह खाना खा रहा हूँ
𑂔𑂪𑂹𑂠𑂲 𑂩𑂰𑂧 𑂥𑂰𑂔𑂰𑂩 𑂎𑂰 𑂩𑂯𑂰 𑂯𑂴𑂀,जल्दी राम बाजार खा रहा हूँ
𑂡𑂲𑂩𑂵 𑂮𑂲𑂞𑂰 𑂥𑂰𑂔𑂰𑂩 𑂠𑂵𑂎 𑂩𑂯𑂰 𑂯𑂴𑂀,धीरे सीता बाजार देख रहा हूँ
𑂍𑂪 𑂫𑂯 𑂍𑂱𑂞𑂰𑂥 𑂣𑂜 𑂩𑂯𑂰 𑂯𑂴𑂀,कल वह किताब पढ़ रहा हूँ
𑂔𑂪𑂹𑂠𑂲 𑂯𑂧 𑂮𑂹𑂍𑂴𑂪 𑂎𑂰 𑂩𑂯𑂰 𑂯𑂴𑂀,जल्दी हम स्कूल खा रहा हूँ
𑂍𑂪 𑂫𑂯 𑂐𑂩 𑂔𑂰 𑂩𑂯𑂰 𑂯𑂴𑂀,कल वह घर जा रहा हूँ
𑂄𑂔 𑂧𑂶𑂁 𑂥𑂰𑂔𑂰𑂩 𑂎𑂰 𑂩𑂯𑂰 𑂯𑂴𑂀,आज मैं बाजार खा रहा हूँ
𑂄𑂔 𑂯𑂧 𑂥𑂰𑂔𑂰𑂩 𑂠𑂵𑂎 𑂩𑂯𑂰 𑂯𑂴𑂀,आज हम बाजार देख रहा हूँ
𑂄𑂔 𑂩𑂰𑂧 𑂍𑂱𑂞𑂰𑂥 𑂪𑂱𑂎 𑂩𑂯𑂰 𑂯𑂴𑂀,आज राम किताब लिख रहा हूँ
𑂔𑂪𑂹𑂠𑂲 𑂯𑂧 𑂍𑂱𑂞𑂰𑂥 𑂎𑂰 𑂩𑂯𑂰 𑂯𑂴𑂀,जल्दी हम किताब खा रहा हूँ
𑂔𑂪𑂹𑂠𑂲 𑂞𑂳𑂧 𑂥𑂰𑂔𑂰𑂩 𑂣𑂜 𑂩𑂯𑂰 𑂯𑂴𑂀,जल्दी तुम बाजार पढ़ रहा हूँ
𑂄𑂔 𑂩𑂰𑂧 𑂮𑂹𑂍𑂴𑂪 𑂣𑂜 𑂩𑂯𑂰 𑂯𑂴𑂀,आज राम स्कूल पढ़ रहा हूँ
𑂔𑂪𑂹𑂠𑂲 𑂫𑂯 𑂐𑂩 𑂣𑂜 𑂩𑂯𑂰 𑂯𑂴𑂀,जल्दी वह घर पढ़ रहा हूँ
𑂔𑂪𑂹𑂠𑂲 𑂯𑂧 𑂎𑂰𑂢𑂰 𑂠𑂵𑂎 𑂩𑂯𑂰 𑂯𑂴𑂀,जल्दी हम खाना देख रहा हूँ
𑂡𑂲𑂩𑂵 𑂫𑂯 𑂥𑂰𑂔𑂰𑂩 𑂔𑂰 𑂩𑂯𑂰 𑂯𑂴𑂀,धीरे वह बाजार जा रहा हूँ
𑂃𑂦𑂲 𑂧𑂶𑂁 𑂥𑂰𑂔𑂰𑂩 𑂠𑂵𑂎 𑂩𑂯𑂰 𑂯𑂴𑂀,अभी मैं बाजार देख रहा हूँ
𑂃𑂦𑂲 𑂮𑂲𑂞𑂰 𑂐𑂩 𑂠𑂵𑂎 𑂩𑂯𑂰 𑂯𑂴𑂀,अभी सीता घर देख रहा हूँ
𑂄𑂔 𑂩𑂰𑂧 𑂥𑂰𑂔𑂰𑂩 𑂎𑂰 𑂩𑂯𑂰 𑂯𑂴𑂀,आज राम बाजार खा रहा हूँ
𑂔𑂪𑂹𑂠𑂲 𑂯𑂧 𑂍𑂱𑂞𑂰𑂥 𑂪𑂱𑂎 𑂩𑂯𑂰 𑂯𑂴𑂀,जल्दी हम किताब लिख रहा हूँ
𑂡𑂲𑂩𑂵 𑂩𑂰𑂧 𑂎𑂰𑂢𑂰 𑂔𑂰 𑂩𑂯𑂰 𑂯𑂴𑂀,धीरे राम खाना जा रहा हूँ
𑂡𑂲𑂩𑂵 𑂫𑂯 𑂎𑂰𑂢𑂰 𑂣𑂜 𑂩𑂯𑂰 𑂯𑂴𑂀,धीरे वह खाना पढ़ रहा हूँ
𑂡𑂲𑂩𑂵 𑂫𑂯 𑂍𑂱𑂞𑂰𑂥 𑂠𑂵𑂎 𑂩𑂯𑂰 𑂯𑂴𑂀,धीरे वह किताब देख रहा हूँ
𑂍𑂪 𑂞𑂳𑂧 𑂍𑂱𑂞𑂰𑂥 𑂣𑂜 𑂩𑂯𑂰 𑂯𑂴𑂀,कल तुम किताब पढ़ रहा हूँ
𑂡𑂲𑂩𑂵 𑂧𑂶𑂁 𑂐𑂩 𑂪𑂱𑂎 𑂩𑂯𑂰 𑂯𑂴𑂀,धीरे मैं घर लिख रहा हूँ
𑂔𑂪𑂹𑂠𑂲 𑂩𑂰𑂧 𑂎𑂰𑂢𑂰 𑂠𑂵𑂎 𑂩𑂯𑂰 𑂯𑂴𑂀,जल्दी राम खाना देख रहा हूँ
𑂃𑂦𑂲 𑂯𑂧 𑂥𑂰𑂔𑂰𑂩 𑂔𑂰 𑂩𑂯𑂰 𑂯𑂴𑂀,अभी हम बाजार जा रहा हूँ
𑂔𑂪𑂹𑂠𑂲 𑂫𑂯 𑂥𑂰𑂔𑂰𑂩 𑂣𑂜 𑂩𑂯𑂰 𑂯𑂴𑂀,जल्दी वह बाजार पढ़ रहा हूँ
𑂍𑂪 𑂩𑂰𑂧 𑂍𑂱𑂞𑂰𑂥 𑂠𑂵𑂎 𑂩𑂯𑂰 𑂯𑂴𑂀,कल राम किताब देख रहा हूँ
𑂡𑂲𑂩𑂵 𑂮𑂲𑂞𑂰 𑂐𑂩 𑂎𑂰 𑂩𑂯𑂰 𑂯𑂴𑂀,धीरे सीता घर खा रहा हूँ
𑂄𑂔 𑂩𑂰𑂧 𑂮𑂹𑂍𑂴𑂪 𑂔𑂰 𑂩𑂯𑂰 𑂯𑂴𑂀,आज राम स्कूल जा रहा हूँ
𑂍𑂪 𑂯𑂧 𑂮𑂹𑂍𑂴𑂪 𑂔𑂰 𑂩𑂯𑂰 𑂯𑂴𑂀,कल हम स्कूल जा रहा हूँ
𑂍𑂪 𑂩𑂰𑂧 𑂐𑂩 𑂎𑂰 𑂩𑂯𑂰 𑂯𑂴𑂀,कल राम घर खा रहा हूँ
𑂔𑂪𑂹𑂠𑂲 𑂮𑂲𑂞𑂰 𑂎𑂰𑂢𑂰 𑂠𑂵𑂎 𑂩𑂯𑂰 𑂯𑂴𑂀,जल्दी सीता खाना देख रहा हूँ
𑂄𑂔 𑂮𑂲𑂞𑂰 𑂐𑂩 𑂎𑂰 𑂩𑂯𑂰 𑂯𑂴𑂀,आज सीता घर खा रहा हूँ
𑂔𑂪𑂹𑂠𑂲 𑂞𑂳𑂧 𑂍𑂱𑂞𑂰𑂥 𑂔𑂰 𑂩𑂯𑂰 𑂯𑂴𑂀,जल्दी तुम किताब जा रहा हूँ
𑂍𑂪 𑂯𑂧 𑂥𑂰𑂔𑂰𑂩 𑂔𑂰 𑂩𑂯𑂰 𑂯𑂴𑂀,कल हम बाजार जा रहा हूँ
𑂃𑂦𑂲 𑂮𑂲𑂞𑂰 𑂍𑂱𑂞𑂰𑂥 𑂔𑂰 𑂩𑂯𑂰 𑂯𑂴𑂀,अभी सीता किताब जा रहा हूँ
𑂃𑂦𑂲 𑂞𑂳𑂧 𑂐𑂩 𑂣𑂜 𑂩𑂯𑂰 𑂯𑂴𑂀,अभी तुम घर पढ़ रहा हूँ
𑂃𑂦𑂲 𑂩𑂰𑂧 𑂍𑂱𑂞𑂰𑂥 𑂣𑂜 𑂩𑂯𑂰 𑂯𑂴𑂀,अभी राम किताब पढ़ रहा हूँ
𑂔𑂪𑂹𑂠𑂲 𑂧𑂶𑂁 𑂮𑂹𑂍𑂴𑂪 𑂔𑂰 𑂩𑂯𑂰 𑂯𑂴𑂀,जल्दी मैं स्कूल जा रहा हूँ
𑂡𑂲𑂩𑂵 𑂫𑂯 𑂍𑂱𑂞𑂰𑂥 𑂣𑂜 𑂩𑂯𑂰 𑂯𑂴𑂀,धीरे वह किताब पढ़ रहा हूँ
𑂔𑂪𑂹𑂠𑂲 𑂫𑂯 𑂥𑂰𑂔𑂰𑂩 𑂔𑂰 𑂩𑂯𑂰 𑂯𑂴𑂀,जल्दी वह बाजार जा रहा हूँ
𑂍𑂪 𑂧𑂶𑂁 𑂮𑂹𑂍𑂴𑂪 𑂔𑂰 𑂩𑂯𑂰 𑂯𑂴𑂀,कल मैं स्कूल जा रहा हूँ
𑂍𑂪 𑂯𑂧 𑂎𑂰𑂢𑂰 𑂣𑂜 𑂩𑂯𑂰 𑂯𑂴𑂀,कल हम खाना पढ़ रहा हूँ
𑂔𑂪𑂹𑂠𑂲 𑂮𑂲𑂞𑂰 𑂥𑂰𑂔𑂰𑂩 𑂠𑂵𑂎 𑂩𑂯𑂰 𑂯𑂴𑂀,जल्दी सीता बाजार देख रहा हूँ
𑂄𑂔 𑂯𑂧 𑂐𑂩 𑂔𑂰 𑂩𑂯𑂰 𑂯𑂴𑂀,आज हम घर जा रहा हूँ
𑂔𑂪𑂹𑂠𑂲 𑂞𑂳𑂧 𑂮𑂹𑂍𑂴𑂪 𑂎𑂰 𑂩𑂯𑂰 𑂯𑂴𑂀,जल्दी तुम स्कूल खा रहा हूँ
𑂃𑂦𑂲 𑂯𑂧 𑂥𑂰𑂔𑂰𑂩 𑂪𑂱𑂎 𑂩𑂯𑂰 𑂯𑂴𑂀,अभी हम बाजार लिख रहा हूँ
𑂃𑂦𑂲 𑂩𑂰𑂧 𑂎𑂰𑂢𑂰 𑂪𑂱𑂎 𑂩𑂯𑂰 𑂯𑂴𑂀,अभी राम खाना लिख रहा हूँ
𑂡𑂲𑂩𑂵 𑂧𑂶𑂁 𑂐𑂩 𑂔𑂰 𑂩𑂯𑂰 𑂯𑂴𑂀,धीरे मैं घर जा रहा हूँ
𑂃𑂦𑂲 𑂯𑂧 𑂥𑂰𑂔𑂰𑂩 𑂪𑂱𑂎 𑂩𑂯𑂰 𑂯𑂴𑂀,अभी हम बाजार लिख रहा हूँ
𑂔𑂪𑂹𑂠𑂲 𑂞𑂳𑂧 𑂐𑂩 𑂔𑂰 𑂩𑂯𑂰 𑂯𑂴𑂀,जल्दी तुम घर जा रहा हूँ
𑂡𑂲𑂩𑂵 𑂫𑂯 𑂎𑂰𑂢𑂰 𑂠𑂵𑂎 𑂩𑂯𑂰 𑂯𑂴𑂀,धीरे वह खाना देख रहा हूँ
𑂃𑂦𑂲 𑂩𑂰𑂧 𑂐𑂩 𑂣𑂜 𑂩𑂯𑂰 𑂯𑂴𑂀,अभी राम घर पढ़ रहा हूँ
𑂍𑂪 𑂯𑂧 𑂥𑂰𑂔𑂰𑂩 𑂣𑂜 𑂩𑂯𑂰 𑂯𑂴𑂀,कल हम बाजार पढ़ रहा हूँ
𑂃𑂦𑂲 𑂯𑂧 𑂐𑂩 𑂣𑂜 𑂩𑂯𑂰 𑂯𑂴𑂀,अभी हम घर पढ़ रहा हूँ
𑂃𑂦𑂲 𑂧𑂶𑂁 𑂥𑂰𑂔𑂰𑂩 𑂎𑂰 𑂩𑂯𑂰 𑂯𑂴𑂀,अभी मैं बाजार खा रहा हूँ
𑂄𑂔 𑂯𑂧 𑂮𑂹𑂍𑂴𑂪 𑂔𑂰 𑂩𑂯𑂰 𑂯𑂴𑂀,आज हम स्कूल जा रहा हूँ
𑂍𑂪 𑂞𑂳𑂧 𑂥𑂰𑂔𑂰𑂩 𑂣𑂜 𑂩𑂯𑂰 𑂯𑂴𑂀,कल तुम बाजार पढ़ रहा हूँ
𑂔𑂪𑂹𑂠𑂲 𑂯𑂧 𑂎𑂰𑂢𑂰 𑂔𑂰 𑂩𑂯𑂰 𑂯𑂴𑂀,जल्दी हम खाना जा रहा हूँ
𑂃𑂦𑂲 𑂞𑂳𑂧 𑂐𑂩 𑂣𑂜 𑂩𑂯𑂰 𑂯𑂴𑂀,अभी तुम घर पढ़ रहा हूँ
𑂔𑂪𑂹𑂠𑂲 𑂫𑂯 𑂎𑂰𑂢𑂰 𑂔𑂰 𑂩𑂯𑂰 𑂯𑂴𑂀,जल्दी वह खाना जा रहा हूँ
𑂍𑂪 𑂮𑂲𑂞𑂰 𑂎𑂰𑂢𑂰 𑂠𑂵𑂎 𑂩𑂯𑂰 𑂯𑂴𑂀,कल सीता खाना देख रहा हूँ
𑂡𑂲𑂩𑂵 𑂧𑂶𑂁 𑂥𑂰𑂔𑂰𑂩 𑂠𑂵𑂎 𑂩𑂯𑂰 𑂯𑂴𑂀,धीरे मैं बाजार देख रहा हूँ
𑂡𑂲𑂩𑂵 𑂯𑂧 𑂮𑂹𑂍𑂴𑂪 𑂣𑂜 𑂩𑂯𑂰 𑂯𑂴𑂀,धीरे हम स्कूल पढ़ रहा हूँ
𑂍𑂪 𑂯𑂧 𑂎𑂰𑂢𑂰 𑂪𑂱𑂎 𑂩𑂯𑂰 𑂯𑂴𑂀,कल हम खाना लिख रहा हूँ
𑂔𑂪𑂹𑂠𑂲 𑂧𑂶𑂁 𑂍𑂱𑂞𑂰𑂥 𑂔𑂰 𑂩𑂯𑂰 𑂯𑂴𑂀,जल्दी मैं किताब जा रहा हूँ
𑂡𑂲𑂩𑂵 𑂞𑂳𑂧 𑂥𑂰𑂔𑂰𑂩 𑂎𑂰 𑂩𑂯𑂰 𑂯𑂴𑂀,धीरे तुम बाजार खा रहा हूँ
𑂔𑂪𑂹𑂠𑂲 𑂮𑂲𑂞𑂰 𑂮𑂹𑂍𑂴𑂪 𑂠𑂵𑂎 𑂩𑂯𑂰 𑂯𑂴𑂀,जल्दी सीता स्कूल देख रहा हूँ
𑂔𑂪𑂹𑂠𑂲 𑂞𑂳𑂧 𑂐𑂩 𑂪𑂱𑂎 𑂩𑂯𑂰 𑂯𑂴𑂀,जल्दी तुम घर लिख रहा हूँ
𑂡𑂲𑂩𑂵 𑂩𑂰𑂧 𑂐𑂩 𑂣𑂜 𑂩𑂯𑂰 𑂯𑂴𑂀,धीरे राम घर पढ़ रहा हूँ
𑂍𑂪 𑂮𑂲𑂞𑂰 𑂎𑂰𑂢𑂰 𑂪𑂱𑂎 𑂩𑂯𑂰 𑂯𑂴𑂀,कल सीता खाना लिख रहा हूँ
𑂍𑂪 𑂧𑂶𑂁 𑂮𑂹𑂍𑂴𑂪 𑂔𑂰 𑂩𑂯𑂰 𑂯𑂴𑂀,कल मैं स्कूल जा रहा हूँ
𑂔𑂪𑂹𑂠𑂲 𑂯𑂧 𑂮𑂹𑂍𑂴𑂪 𑂎𑂰 𑂩𑂯𑂰 𑂯𑂴𑂀,जल्दी हम स्कूल खा रहा हूँ
𑂡𑂲𑂩𑂵 𑂮𑂲𑂞𑂰 𑂥𑂰𑂔𑂰𑂩 𑂣𑂜 𑂩𑂯𑂰 𑂯𑂴𑂀,धीरे सीता बाजार पढ़ रहा हूँ
𑂔𑂪𑂹𑂠𑂲 𑂩𑂰𑂧 𑂥𑂰𑂔𑂰𑂩 𑂠𑂵𑂎 𑂩𑂯𑂰 𑂯𑂴𑂀,जल्दी राम बाजार देख रहा हूँ
𑂍𑂪 𑂞𑂳𑂧 𑂎𑂰𑂢𑂰 𑂔𑂰 𑂩𑂯𑂰 𑂯𑂴𑂀,कल तुम खाना जा रहा हूँ
𑂄𑂔 𑂮𑂲𑂞𑂰 𑂥𑂰𑂔𑂰𑂩 𑂣𑂜 𑂩𑂯𑂰 𑂯𑂴𑂀,आज सीता बाजार पढ़ रहा हूँ
𑂃𑂦𑂲 𑂯𑂧 𑂐𑂩 𑂠𑂵𑂎 𑂩𑂯𑂰 𑂯𑂴𑂀,अभी हम घर देख रहा हूँ
𑂍𑂪 𑂯𑂧 𑂐𑂩 𑂔𑂰 𑂩𑂯𑂰 𑂯𑂴𑂀,कल हम घर जा रहा हूँ
𑂄𑂔 𑂞𑂳𑂧 𑂎𑂰𑂢𑂰 𑂠𑂵𑂎 𑂩𑂯𑂰 𑂯𑂴𑂀,आज तुम खाना देख रहा हूँ
𑂔𑂪𑂹𑂠𑂲 𑂧𑂶𑂁 𑂮𑂹𑂍𑂴𑂪 𑂪𑂱𑂎 𑂩𑂯𑂰 𑂯𑂴𑂀,जल्दी मैं स्कूल लिख रहा हूँ
𑂡𑂲𑂩𑂵 𑂩𑂰𑂧 𑂮𑂹𑂍𑂴𑂪 𑂣𑂜 𑂩𑂯𑂰 𑂯𑂴𑂀,धीरे राम स्कूल पढ़ रहा हूँ
𑂍𑂪 𑂩𑂰𑂧 𑂥𑂰𑂔𑂰𑂩 𑂪𑂱𑂎 𑂩𑂯𑂰 𑂯𑂴𑂀,कल राम बाजार लिख रहा हूँ
𑂍𑂪 𑂧𑂶𑂁 𑂥𑂰𑂔𑂰𑂩 𑂔𑂰 𑂩𑂯𑂰 𑂯𑂴𑂀,कल मैं बाजार जा रहा हूँ
𑂄𑂔 𑂯𑂧 𑂮𑂹𑂍𑂴𑂪 𑂪𑂱𑂎 𑂩𑂯𑂰 𑂯𑂴𑂀,आज हम स्कूल लिख रहा हूँ
𑂄𑂔 𑂩𑂰𑂧 𑂮𑂹𑂍𑂴𑂪 𑂔𑂰 𑂩𑂯𑂰 𑂯𑂴𑂀,आज राम स्कूल जा रहा हूँ
𑂍𑂪 𑂧𑂶𑂁 𑂎𑂰𑂢𑂰 𑂔𑂰 𑂩𑂯𑂰 𑂯𑂴𑂀,कल मैं खाना जा रहा हूँ
𑂃𑂦𑂲 𑂫𑂯 𑂐𑂩 𑂣𑂜 𑂩𑂯𑂰 𑂯𑂴𑂀,अभी वह घर पढ़ रहा हूँ
𑂄𑂔 𑂧𑂶𑂁 𑂮𑂹𑂍𑂴𑂪 𑂠𑂵𑂎 𑂩𑂯𑂰 𑂯𑂴𑂀,आज मैं स्कूल देख रहा हूँ
𑂄𑂔 𑂞𑂳𑂧 𑂍𑂱𑂞𑂰𑂥 𑂎𑂰 𑂩𑂯𑂰 𑂯𑂴𑂀,आज तुम किताब खा रहा हूँ
𑂃𑂦𑂲 𑂮𑂲𑂞𑂰 𑂥𑂰𑂔𑂰𑂩 𑂠𑂵𑂎 𑂩𑂯𑂰 𑂯𑂴𑂀,अभी सीता बाजार देख रहा हूँ
𑂄𑂔 𑂫𑂯 𑂎𑂰𑂢𑂰 𑂎𑂰 𑂩𑂯𑂰 𑂯𑂴𑂀,आज वह खाना खा रहा हूँ
𑂍𑂪 𑂞𑂳𑂧 𑂮𑂹𑂍𑂴𑂪 𑂣𑂜 𑂩𑂯𑂰 𑂯𑂴𑂀,कल तुम स्कूल पढ़ रहा हूँ
𑂡𑂲𑂩𑂵 𑂫𑂯 𑂥𑂰𑂔𑂰𑂩 𑂣𑂜 𑂩𑂯𑂰 𑂯𑂴𑂀,धीरे वह बाजार पढ़ रहा हूँ
𑂄𑂔 𑂩𑂰𑂧 𑂍𑂱𑂞𑂰𑂥 𑂣𑂜 𑂩𑂯𑂰 𑂯𑂴𑂀,आज राम किताब पढ़ रहा हूँ
𑂡𑂲𑂩𑂵 𑂫𑂯 𑂐𑂩 𑂎𑂰 𑂩𑂯𑂰 𑂯𑂴𑂀,धीरे वह घर खा रहा हूँ
𑂄𑂔 𑂩𑂰𑂧 𑂥𑂰𑂔𑂰𑂩 𑂔𑂰 𑂩𑂯𑂰 𑂯𑂴𑂀,आज राम बाजार जा रहा हूँ
𑂔𑂪𑂹𑂠𑂲 𑂞𑂳𑂧 𑂮𑂹𑂍𑂴𑂪 𑂣𑂜 𑂩𑂯𑂰 𑂯𑂴𑂀,जल्दी तुम स्कूल पढ़ रहा हूँ
𑂔𑂪𑂹𑂠𑂲 𑂫𑂯 𑂎𑂰𑂢𑂰 𑂔𑂰 𑂩𑂯𑂰 𑂯𑂴𑂀,जल्दी वह खाना जा रहा हूँ
𑂡𑂲𑂩𑂵 𑂧𑂶𑂁 𑂍𑂱𑂞𑂰𑂥 𑂣𑂜 𑂩𑂯𑂰 𑂯𑂴𑂀,धीरे मैं किताब पढ़ रहा हूँ
𑂍𑂪 𑂧𑂶𑂁 𑂥𑂰𑂔𑂰𑂩 𑂠𑂵𑂎 𑂩𑂯𑂰 𑂯𑂴𑂀,कल मैं बाजार देख रहा हूँ
𑂄𑂔 𑂞𑂳𑂧 𑂐𑂩 𑂪𑂱𑂎 𑂩𑂯𑂰 𑂯𑂴𑂀,आज तुम घर लिख रहा हूँ
𑂍𑂪 𑂫𑂯 𑂍𑂱𑂞𑂰𑂥 𑂠𑂵𑂎 𑂩𑂯𑂰 𑂯𑂴𑂀,कल वह किताब देख रहा हूँ
𑂔𑂪𑂹𑂠𑂲 𑂧𑂶𑂁 𑂮𑂹𑂍𑂴𑂪 𑂪𑂱𑂎 𑂩𑂯𑂰 𑂯𑂴𑂀,जल्दी मैं स्कूल लिख रहा हूँ
𑂍𑂪 𑂯𑂧 𑂐𑂩 𑂎𑂰 𑂩𑂯𑂰 𑂯𑂴𑂀,कल हम घर खा रहा हूँ
𑂍𑂪 𑂮𑂲𑂞𑂰 𑂐𑂩 𑂔𑂰 𑂩𑂯𑂰 𑂯𑂴𑂀,कल सीता घर जा रहा हूँ
𑂔𑂪𑂹𑂠𑂲 𑂧𑂶𑂁 𑂥𑂰𑂔𑂰𑂩 𑂪𑂱𑂎 𑂩𑂯𑂰 𑂯𑂴𑂀,जल्दी मैं बाजार लिख रहा हूँ
𑂄𑂔 𑂩𑂰𑂧 𑂍𑂱𑂞𑂰𑂥 𑂠𑂵𑂎 𑂩𑂯𑂰 𑂯𑂴𑂀,आज राम किताब देख रहा हूँ
𑂄𑂔 𑂮𑂲𑂞𑂰 𑂐𑂩 𑂪𑂱𑂎 𑂩𑂯𑂰 𑂯𑂴𑂀,आज सीता घर लिख रहा हूँ
𑂡𑂲𑂩𑂵 𑂞𑂳𑂧 𑂮𑂹𑂍𑂴𑂪 𑂣𑂜 𑂩𑂯𑂰 𑂯𑂴𑂀,धीरे तुम स्कूल पढ़ रहा हूँ
𑂃𑂦𑂲 𑂞𑂳𑂧 𑂥𑂰𑂔𑂰𑂩 𑂣𑂜 𑂩𑂯𑂰 𑂯𑂴𑂀,अभी तुम बाजार पढ़ रहा हूँ
𑂡𑂲𑂩𑂵 𑂧𑂶𑂁 𑂥𑂰𑂔𑂰𑂩 𑂎𑂰 𑂩𑂯𑂰 𑂯𑂴𑂀,धीरे मैं बाजार खा रहा हूँ
𑂃𑂦𑂲 𑂫𑂯 𑂎𑂰𑂢𑂰 𑂎𑂰 𑂩𑂯𑂰 𑂯𑂴𑂀,अभी वह खाना खा रहा हूँ
𑂡𑂲𑂩𑂵 𑂞𑂳𑂧 𑂥𑂰𑂔𑂰𑂩 𑂠𑂵𑂎 𑂩𑂯𑂰 𑂯𑂴𑂀,धीरे तुम बाजार देख रहा हूँ
𑂡𑂲𑂩𑂵 𑂧𑂶𑂁 𑂎𑂰𑂢𑂰 𑂠𑂵𑂎 𑂩𑂯𑂰 𑂯𑂴𑂀,धीरे मैं खाना देख रहा हूँ
𑂃𑂦𑂲 𑂩𑂰𑂧 𑂮𑂹𑂍𑂴𑂪 𑂔𑂰 𑂩𑂯𑂰 𑂯𑂴𑂀,अभी राम स्कूल जा रहा हूँ
𑂍𑂪 𑂯𑂧 𑂎𑂰𑂢𑂰 𑂪𑂱𑂎 𑂩𑂯𑂰 𑂯𑂴𑂀,कल हम खाना लिख रहा हूँ
𑂄𑂔 𑂞𑂳𑂧 𑂍𑂱𑂞𑂰𑂥 𑂠𑂵𑂎 𑂩𑂯𑂰 𑂯𑂴𑂀,आज तुम किताब देख रहा हूँ
𑂔𑂪𑂹𑂠𑂲 𑂩𑂰𑂧 𑂍𑂱𑂞𑂰𑂥 𑂪𑂱𑂎 𑂩𑂯𑂰 𑂯𑂴𑂀,जल्दी राम किताब लिख रहा हूँ
𑂍𑂪 𑂫𑂯 𑂮𑂹𑂍𑂴𑂪 𑂠𑂵𑂎 𑂩𑂯𑂰 𑂯𑂴𑂀,कल वह स्कूल देख रहा हूँ
𑂄𑂔 𑂮𑂲𑂞𑂰 𑂐𑂩 𑂪𑂱𑂎 𑂩𑂯𑂰 𑂯𑂴𑂀,आज सीता घर लिख रहा हूँ
𑂃𑂦𑂲 𑂮𑂲𑂞𑂰 𑂥𑂰𑂔𑂰𑂩 𑂪𑂱𑂎 𑂩𑂯𑂰 𑂯𑂴𑂀,अभी सीता बाजार लिख रहा हूँ
𑂍𑂪 𑂮𑂲𑂞𑂰 𑂥𑂰𑂔𑂰𑂩 𑂣𑂜 𑂩𑂯𑂰 𑂯𑂴𑂀,कल सीता बाजार पढ़ रहा हूँ
𑂡𑂲𑂩𑂵 𑂯𑂧 𑂮𑂹𑂍𑂴𑂪 𑂠𑂵𑂎 𑂩𑂯𑂰 𑂯𑂴𑂀,धीरे हम स्कूल देख रहा हूँ
𑂄𑂔 𑂧𑂶𑂁 𑂍𑂱𑂞𑂰𑂥 𑂣𑂜 𑂩𑂯𑂰 𑂯𑂴𑂀,आज मैं किताब पढ़ रहा हूँ
𑂍𑂪 𑂮𑂲𑂞𑂰 𑂐𑂩 𑂠𑂵𑂎 𑂩𑂯𑂰 𑂯𑂴𑂀,कल सीता घर देख रहा हूँ
𑂍𑂪 𑂧𑂶𑂁 𑂐𑂩 𑂣𑂜 𑂩𑂯𑂰 𑂯𑂴𑂀,कल मैं घर पढ़ रहा हूँ
𑂃𑂦𑂲 𑂞𑂳𑂧 𑂐𑂩 𑂣𑂜 𑂩𑂯𑂰 𑂯𑂴𑂀,अभी तुम घर पढ़ रहा हूँ
𑂡𑂲𑂩𑂵 𑂧𑂶𑂁 𑂥𑂰𑂔𑂰𑂩 𑂪𑂱𑂎 𑂩𑂯𑂰 𑂯𑂴𑂀,धीरे मैं बाजार लिख रहा हूँ
𑂍𑂪 𑂮𑂲𑂞𑂰 𑂐𑂩 𑂪𑂱𑂎 𑂩𑂯𑂰 𑂯𑂴𑂀,कल सीता घर लिख रहा हूँ
𑂡𑂲𑂩𑂵 𑂞𑂳𑂧 𑂍𑂱𑂞𑂰𑂥 𑂎𑂰 𑂩𑂯𑂰 𑂯𑂴𑂀,धीरे तुम किताब खा रहा हूँ
𑂄𑂔 𑂮𑂲𑂞𑂰 𑂐𑂩 𑂪𑂱𑂎 𑂩𑂯𑂰 𑂯𑂴𑂀,आज सीता घर लिख रहा हूँ
𑂔𑂪𑂹𑂠𑂲 𑂩𑂰𑂧 𑂐𑂩 𑂔𑂰 𑂩𑂯𑂰 𑂯𑂴𑂀,जल्दी राम घर जा रहा हूँ
𑂃𑂦𑂲 𑂞𑂳𑂧 𑂮𑂹𑂍𑂴𑂪 𑂎𑂰 𑂩𑂯𑂰 𑂯𑂴𑂀,अभी तुम स्कूल खा रहा हूँ
𑂃𑂦𑂲 𑂧𑂶𑂁 𑂍𑂱𑂞𑂰𑂥 𑂔𑂰 𑂩𑂯𑂰 𑂯𑂴𑂀,अभी मैं किताब जा रहा हूँ
𑂄𑂔 𑂮𑂲𑂞𑂰 𑂥𑂰𑂔𑂰𑂩 𑂣𑂜 𑂩𑂯𑂰 𑂯𑂴𑂀,आज सीता बाजार पढ़ रहा हूँ
𑂡𑂲𑂩𑂵 𑂩𑂰𑂧 𑂍𑂱𑂞𑂰𑂥 𑂣𑂜 𑂩𑂯𑂰 𑂯𑂴𑂀,धीरे राम किताब पढ़ रहा हूँ
𑂃𑂦𑂲 𑂮𑂲𑂞𑂰 𑂐𑂩 𑂔𑂰 𑂩𑂯𑂰 𑂯𑂴𑂀,अभी सीता घर जा रहा हूँ
𑂡𑂲𑂩𑂵 𑂫𑂯 𑂥𑂰𑂔𑂰𑂩 𑂪𑂱𑂎 𑂩𑂯𑂰 𑂯𑂴𑂀,धीरे वह बाजार लिख रहा हूँ
𑂡𑂲𑂩𑂵 𑂧𑂶𑂁 𑂮𑂹𑂍𑂴𑂪 𑂪𑂱𑂎 𑂩𑂯𑂰 𑂯𑂴𑂀,धीरे मैं स्कूल लिख रहा हूँ
𑂡𑂲𑂩𑂵 𑂩𑂰𑂧 𑂥𑂰𑂔𑂰𑂩 𑂠𑂵𑂎 𑂩𑂯𑂰 𑂯𑂴𑂀,धीरे राम बाजार देख रहा हूँ
𑂔𑂪𑂹𑂠𑂲 𑂞𑂳𑂧 𑂍𑂱𑂞𑂰𑂥 𑂔𑂰 𑂩𑂯𑂰 𑂯𑂴𑂀,जल्दी तुम किताब जा रहा हूँ
𑂡𑂲𑂩𑂵 𑂯𑂧 𑂐𑂩 𑂎𑂰 𑂩𑂯𑂰 𑂯𑂴𑂀,धीरे हम घर खा रहा हूँ
𑂃𑂦𑂲 𑂩𑂰𑂧 𑂥𑂰𑂔𑂰𑂩 𑂔𑂰 𑂩𑂯𑂰 𑂯𑂴𑂀,अभी राम बाजार जा रहा हूँ
𑂃𑂦𑂲 𑂩𑂰𑂧 𑂐𑂩 𑂪𑂱𑂎 𑂩𑂯𑂰 𑂯𑂴𑂀,अभी राम घर लिख रहा हूँ
𑂡𑂲𑂩𑂵 𑂞𑂳𑂧 𑂎𑂰𑂢𑂰 𑂔𑂰 𑂩𑂯𑂰 𑂯𑂴𑂀,धीरे तुम खाना जा रहा हूँ
𑂡𑂲𑂩𑂵 𑂞𑂳𑂧 𑂐𑂩 𑂣𑂜 𑂩𑂯𑂰 𑂯𑂴𑂀,धीरे तुम घर पढ़ रहा हूँ
𑂍𑂪 𑂞𑂳𑂧 𑂮𑂹𑂍𑂴𑂪 𑂎𑂰 𑂩𑂯𑂰 𑂯𑂴𑂀,कल तुम स्कूल खा रहा हूँ
𑂍𑂪 𑂫𑂯 𑂥𑂰𑂔𑂰𑂩 𑂔𑂰 𑂩𑂯𑂰 𑂯𑂴𑂀,कल वह बाजार जा रहा हूँ
𑂄𑂔 𑂞𑂳𑂧 𑂎𑂰𑂢𑂰 𑂠𑂵𑂎 𑂩𑂯𑂰 𑂯𑂴𑂀,आज तुम खाना देख रहा हूँ
𑂍𑂪 𑂫𑂯 𑂎𑂰𑂢𑂰 𑂪𑂱𑂎 𑂩𑂯𑂰 𑂯𑂴𑂀,कल वह खाना लिख रहा हूँ
𑂔𑂪𑂹𑂠𑂲 𑂩𑂰𑂧 𑂎𑂰𑂢𑂰 𑂣𑂜 𑂩𑂯𑂰 𑂯𑂴𑂀,जल्दी राम खाना पढ़ रहा हूँ
𑂃𑂦𑂲 𑂮𑂲𑂞𑂰 𑂎𑂰𑂢𑂰 𑂣𑂜 𑂩𑂯𑂰 𑂯𑂴𑂀,अभी सीता खाना पढ़ रहा हूँ
𑂡𑂲𑂩𑂵 𑂞𑂳𑂧 𑂎𑂰𑂢𑂰 𑂣𑂜 𑂩𑂯𑂰 𑂯𑂴𑂀,धीरे तुम खाना पढ़ रहा हूँ
𑂍𑂪 𑂯𑂧 𑂮𑂹𑂍𑂴𑂪 𑂠𑂵𑂎 𑂩𑂯𑂰 𑂯𑂴𑂀,कल हम स्कूल देख रहा हूँ
𑂃𑂦𑂲 𑂩𑂰𑂧 𑂍𑂱𑂞𑂰𑂥 𑂣𑂜 𑂩𑂯𑂰 𑂯𑂴𑂀,अभी राम किताब पढ़ रहा हूँ
𑂃𑂦𑂲 𑂫𑂯 𑂎𑂰𑂢𑂰 𑂔𑂰 𑂩𑂯𑂰 𑂯𑂴𑂀,अभी वह खाना जा रहा हूँ
𑂄𑂔 𑂮𑂲𑂞𑂰 𑂍𑂱𑂞𑂰𑂥 𑂪𑂱𑂎 𑂩𑂯𑂰 𑂯𑂴𑂀,आज सीता किताब लिख रहा हूँ
𑂡𑂲𑂩𑂵 𑂫𑂯 𑂮𑂹𑂍𑂴𑂪 𑂣𑂜 𑂩𑂯𑂰 𑂯𑂴𑂀,धीरे वह स्कूल पढ़ रहा हूँ
𑂔𑂪𑂹𑂠𑂲 𑂮𑂲𑂞𑂰 𑂍𑂱𑂞𑂰𑂥 𑂎𑂰 𑂩𑂯𑂰 𑂯𑂴𑂀,जल्दी सीता किताब खा रहा हूँ
𑂍𑂪 𑂮𑂲𑂞𑂰 𑂍𑂱𑂞𑂰𑂥 𑂪𑂱𑂎 𑂩𑂯𑂰 𑂯𑂴𑂀,कल सीता किताब लिख रहा हूँ
𑂃𑂦𑂲 𑂯𑂧 𑂍𑂱𑂞𑂰𑂥 𑂪𑂱𑂎 𑂩𑂯𑂰 𑂯𑂴𑂀,अभी हम किताब लिख रहा हूँ
𑂄𑂔 𑂞𑂳𑂧 𑂎𑂰𑂢𑂰 𑂠𑂵𑂎 𑂩𑂯𑂰 𑂯𑂴𑂀,आज तुम खाना देख रहा हूँ
𑂄𑂔 𑂧𑂶𑂁 𑂮𑂹𑂍𑂴𑂪 𑂣𑂜 𑂩𑂯𑂰 𑂯𑂴𑂀,आज मैं स्कूल पढ़ रहा हूँ
𑂍𑂪 𑂫𑂯 𑂮𑂹𑂍𑂴𑂪 𑂣𑂜 𑂩𑂯𑂰 𑂯𑂴𑂀,कल वह स्कूल पढ़ रहा हूँ
𑂃𑂦𑂲 𑂧𑂶𑂁 𑂍𑂱𑂞𑂰𑂥 𑂪𑂱𑂎 𑂩𑂯𑂰 𑂯𑂴𑂀,अभी मैं किताब लिख रहा हूँ
𑂡𑂲𑂩𑂵 𑂧𑂶𑂁 𑂍𑂱𑂞𑂰𑂥 𑂪𑂱𑂎 𑂩𑂯𑂰 𑂯𑂴𑂀,धीरे मैं किताब लिख रहा हूँ
𑂍𑂪 𑂞𑂳𑂧 𑂮𑂹𑂍𑂴𑂪 𑂔𑂰 𑂩𑂯𑂰 𑂯𑂴𑂀,कल तुम स्कूल जा रहा हूँ
𑂃𑂦𑂲 𑂞𑂳𑂧 𑂐𑂩 𑂪𑂱𑂎 𑂩𑂯𑂰 𑂯𑂴𑂀,अभी तुम घर लिख रहा हूँ
𑂔𑂪𑂹𑂠𑂲 𑂮𑂲𑂞𑂰 𑂮𑂹𑂍𑂴𑂪 𑂪𑂱𑂎 𑂩𑂯𑂰 𑂯𑂴𑂀,जल्दी सीता स्कूल लिख रहा हूँ
𑂔𑂪𑂹𑂠𑂲 𑂧𑂶𑂁 𑂍𑂱𑂞𑂰𑂥 𑂔𑂰 𑂩𑂯𑂰 𑂯𑂴𑂀,जल्दी मैं किताब जा रहा हूँ
𑂄𑂔 𑂧𑂶𑂁 𑂎𑂰𑂢𑂰 𑂣𑂜 𑂩𑂯𑂰 𑂯𑂴𑂀,आज मैं खाना पढ़ रहा हूँ
𑂄𑂔 𑂫𑂯 𑂍𑂱𑂞𑂰𑂥 𑂔𑂰 𑂩𑂯𑂰 𑂯𑂴𑂀,आज वह किताब जा रहा हूँ
𑂡𑂲𑂩𑂵 𑂯𑂧 𑂮𑂹𑂍𑂴𑂪 𑂪𑂱𑂎 𑂩𑂯𑂰 𑂯𑂴𑂀,धीरे हम स्कूल लिख रहा हूँ
𑂃𑂦𑂲 𑂧𑂶𑂁 𑂥𑂰𑂔𑂰𑂩 𑂪𑂱𑂎 𑂩𑂯𑂰 𑂯𑂴𑂀,अभी मैं बाजार लिख रहा हूँ
𑂍𑂪 𑂞𑂳𑂧 𑂥𑂰𑂔𑂰𑂩 𑂣𑂜 𑂩𑂯𑂰 𑂯𑂴𑂀,कल तुम बाजार पढ़ रहा हूँ
𑂃𑂦𑂲 𑂧𑂶𑂁 𑂥𑂰𑂔𑂰𑂩 𑂣𑂜 𑂩𑂯𑂰 𑂯𑂴𑂀,अभी मैं बाजार पढ़ रहा हूँ
𑂄𑂔 𑂫𑂯 𑂮𑂹𑂍𑂴𑂪 𑂔𑂰 𑂩𑂯𑂰 𑂯𑂴𑂀,आज वह स्कूल जा रहा हूँ
𑂄𑂔 𑂧𑂶𑂁 𑂥𑂰𑂔𑂰𑂩 𑂪𑂱𑂎 𑂩𑂯𑂰 𑂯𑂴𑂀,आज मैं बाजार लिख रहा हूँ
𑂃𑂦𑂲 𑂧𑂶𑂁 𑂮𑂹𑂍𑂴𑂪 𑂣𑂜 𑂩𑂯𑂰 𑂯𑂴𑂀,अभी मैं स्कूल पढ़ रहा हूँ
𑂃𑂦𑂲 𑂧𑂶𑂁 𑂥𑂰𑂔𑂰𑂩 𑂣𑂜 𑂩𑂯𑂰 𑂯𑂴𑂀,अभी मैं बाजार पढ़ रहा हूँ
𑂍𑂪 𑂫𑂯 𑂐𑂩 𑂪𑂱𑂎 𑂩𑂯𑂰 𑂯𑂴𑂀,कल वह घर लिख रहा हूँ
𑂃𑂦𑂲 𑂩𑂰𑂧 𑂮𑂹𑂍𑂴𑂪 𑂠𑂵𑂎 𑂩𑂯𑂰 𑂯𑂴𑂀,अभी राम स्कूल देख रहा हूँ
𑂍𑂪 𑂩𑂰𑂧 𑂍𑂱𑂞𑂰𑂥 𑂣𑂜 𑂩𑂯𑂰 𑂯𑂴𑂀,कल राम किताब पढ़ रहा हूँ
𑂃𑂦𑂲 𑂮𑂲𑂞𑂰 𑂍𑂱𑂞𑂰𑂥 𑂪𑂱𑂎 𑂩𑂯𑂰 𑂯𑂴𑂀,अभी सीता किताब लिख रहा हूँ
𑂄𑂔 𑂞𑂳𑂧 𑂮𑂹𑂍𑂴𑂪 𑂔𑂰 𑂩𑂯𑂰 𑂯𑂴𑂀,आज तुम स्कूल जा रहा हूँ
𑂍𑂪 𑂩𑂰𑂧 𑂍𑂱𑂞𑂰𑂥 𑂣𑂜 𑂩𑂯𑂰 𑂯𑂴𑂀,कल राम किताब पढ़ रहा हूँ
𑂃𑂦𑂲 𑂧𑂶𑂁 𑂥𑂰𑂔𑂰𑂩 𑂣𑂜 𑂩𑂯𑂰 𑂯𑂴𑂀,अभी मैं बाजार पढ़ रहा हूँ
𑂔𑂪𑂹𑂠𑂲 𑂫𑂯 𑂐𑂩 𑂔𑂰 𑂩𑂯𑂰 𑂯𑂴𑂀,जल्दी वह घर जा रहा हूँ
𑂄𑂔 𑂞𑂳𑂧 𑂐𑂩 𑂪𑂱𑂎 𑂩𑂯𑂰 𑂯𑂴𑂀,आज तुम घर लिख रहा हूँ
𑂃𑂦𑂲 𑂫𑂯 𑂥𑂰𑂔𑂰𑂩 𑂪𑂱𑂎 𑂩𑂯𑂰 𑂯𑂴𑂀,अभी वह बाजार लिख रहा हूँ
𑂃𑂦𑂲 𑂮𑂲𑂞𑂰 𑂮𑂹𑂍𑂴𑂪 𑂣𑂜 𑂩𑂯𑂰 𑂯𑂴𑂀,अभी सीता स्कूल पढ़ रहा हूँ
𑂄𑂔 𑂮𑂲𑂞𑂰 𑂮𑂹𑂍𑂴𑂪 𑂔𑂰 𑂩𑂯𑂰 𑂯𑂴𑂀,आज सीता स्कूल जा रहा हूँ
𑂃𑂦𑂲 𑂩𑂰𑂧 𑂎𑂰𑂢𑂰 𑂣𑂜 𑂩𑂯𑂰 𑂯𑂴𑂀,अभी राम खाना पढ़ रहा हूँ
𑂔𑂪𑂹𑂠𑂲 𑂞𑂳𑂧 𑂮𑂹𑂍𑂴𑂪 𑂔𑂰 𑂩𑂯𑂰 𑂯𑂴𑂀,जल्दी तुम स्कूल जा रहा हूँ
𑂔𑂪𑂹𑂠𑂲 𑂧𑂶𑂁 𑂐𑂩 𑂔𑂰 𑂩𑂯𑂰 𑂯𑂴𑂀,जल्दी मैं घर जा रहा हूँ
𑂄𑂔 𑂞𑂳𑂧 𑂮𑂹𑂍𑂴𑂪 𑂠𑂵𑂎 𑂩𑂯𑂰 𑂯𑂴𑂀,आज तुम स्कूल देख रहा हूँ
𑂡𑂲𑂩𑂵 𑂞𑂳𑂧 𑂥𑂰𑂔𑂰𑂩 𑂣𑂜 𑂩𑂯𑂰 𑂯𑂴𑂀,धीरे तुम बाजार पढ़ रहा हूँ
𑂔𑂪𑂹𑂠𑂲 𑂯𑂧 𑂎𑂰𑂢𑂰 𑂠𑂵𑂎 𑂩𑂯𑂰 𑂯𑂴𑂀,जल्दी हम खाना देख रहा हूँ
𑂍𑂪 𑂫𑂯 𑂮𑂹𑂍𑂴𑂪 𑂎𑂰 𑂩𑂯𑂰 𑂯𑂴𑂀,कल वह स्कूल खा रहा हूँ
𑂍𑂪 𑂞𑂳𑂧 𑂍𑂱𑂞𑂰𑂥 𑂎𑂰 𑂩𑂯𑂰 𑂯𑂴𑂀,कल तुम किताब खा रहा हूँ
𑂄𑂔 𑂮𑂲𑂞𑂰 𑂮𑂹𑂍𑂴𑂪 𑂔𑂰 𑂩𑂯𑂰 𑂯𑂴𑂀,आज सीता स्कूल जा रहा हूँ
𑂔𑂪𑂹𑂠𑂲 𑂧𑂶𑂁 𑂮𑂹𑂍𑂴𑂪 𑂎𑂰 𑂩𑂯𑂰 𑂯𑂴𑂀,जल्दी मैं स्कूल खा रहा हूँ
𑂍𑂪 𑂯𑂧 𑂍𑂱𑂞𑂰𑂥 𑂎𑂰 𑂩𑂯𑂰 𑂯𑂴𑂀,कल हम किताब खा रहा हूँ
𑂡𑂲𑂩𑂵 𑂞𑂳𑂧 𑂎𑂰𑂢𑂰 𑂠𑂵𑂎 𑂩𑂯𑂰 𑂯𑂴𑂀,धीरे तुम खाना देख रहा हूँ
𑂃𑂦𑂲 𑂞𑂳𑂧 𑂮𑂹𑂍𑂴𑂪 𑂪𑂱𑂎 𑂩𑂯𑂰 𑂯𑂴𑂀,अभी तुम स्कूल लिख रहा हूँ
𑂡𑂲𑂩𑂵 𑂞𑂳𑂧 𑂍𑂱𑂞𑂰𑂥 𑂠𑂵𑂎 𑂩𑂯𑂰 𑂯𑂴𑂀,धीरे तुम किताब देख रहा हूँ
𑂄𑂔 𑂫𑂯 𑂍𑂱𑂞𑂰𑂥 𑂠𑂵𑂎 𑂩𑂯𑂰 𑂯𑂴𑂀,आज वह किताब देख रहा हूँ
𑂡𑂲𑂩𑂵 𑂯𑂧 𑂐𑂩 𑂪𑂱𑂎 𑂩𑂯𑂰 𑂯𑂴𑂀,धीरे हम घर लिख रहा हूँ
𑂃𑂦𑂲 𑂧𑂶𑂁 𑂎𑂰𑂢𑂰 𑂎𑂰 𑂩𑂯𑂰 𑂯𑂴𑂀,अभी मैं खाना खा रहा हूँ
𑂔𑂪𑂹𑂠𑂲 𑂩𑂰𑂧 𑂐𑂩 𑂔𑂰 𑂩𑂯𑂰 𑂯𑂴𑂀,जल्दी राम घर जा रहा हूँ
𑂍𑂪 𑂞𑂳𑂧 𑂎𑂰𑂢𑂰 𑂎𑂰 𑂩𑂯𑂰 𑂯𑂴𑂀,कल तुम खाना खा रहा हूँ
𑂔𑂪𑂹𑂠𑂲 𑂫𑂯 𑂥𑂰𑂔𑂰𑂩 𑂣𑂜 𑂩𑂯𑂰 𑂯𑂴𑂀,जल्दी वह बाजार पढ़ रहा हूँ
𑂡𑂲𑂩𑂵 𑂞𑂳𑂧 𑂎𑂰𑂢𑂰 𑂔𑂰 𑂩𑂯𑂰 𑂯𑂴𑂀,धीरे तुम खाना जा रहा हूँ
𑂃𑂦𑂲 𑂧𑂶𑂁 𑂍𑂱𑂞𑂰𑂥 𑂠𑂵𑂎 𑂩𑂯𑂰 𑂯𑂴𑂀,अभी मैं किताब देख रहा हूँ
𑂍𑂪 𑂫𑂯 𑂮𑂹𑂍𑂴𑂪 𑂔𑂰 𑂩𑂯𑂰 𑂯𑂴𑂀,कल वह स्कूल जा रहा हूँ
𑂍𑂪 𑂩𑂰𑂧 𑂮𑂹𑂍𑂴𑂪 𑂠𑂵𑂎 𑂩𑂯𑂰 𑂯𑂴𑂀,कल राम स्कूल देख रहा हूँ
𑂡𑂲𑂩𑂵 𑂩𑂰𑂧 𑂍𑂱𑂞𑂰𑂥 𑂣𑂜 𑂩𑂯𑂰 𑂯𑂴𑂀,धीरे राम किताब पढ़ रहा हूँ
𑂄𑂔 𑂧𑂶𑂁 𑂍𑂱𑂞𑂰𑂥 𑂪𑂱𑂎 𑂩𑂯𑂰 𑂯𑂴𑂀,आज मैं किताब लिख रहा हूँ
𑂍𑂪 𑂯𑂧 𑂐𑂩 𑂣𑂜 𑂩𑂯𑂰 𑂯𑂴𑂀,कल हम घर पढ़ रहा हूँ
𑂃𑂦𑂲 𑂞𑂳𑂧 𑂮𑂹𑂍𑂴𑂪 𑂔𑂰 𑂩𑂯𑂰 𑂯𑂴𑂀,अभी तुम स्कूल जा रहा हूँ
𑂃𑂦𑂲 𑂩𑂰𑂧 𑂮𑂹𑂍𑂴𑂪 𑂪𑂱𑂎 𑂩𑂯𑂰 𑂯𑂴𑂀,अभी राम स्कूल लिख रहा हूँ
𑂃𑂦𑂲 𑂫𑂯 𑂐𑂩 𑂠𑂵𑂎 𑂩𑂯𑂰 𑂯𑂴𑂀,अभी वह घर देख रहा हूँ
𑂍𑂪 𑂯𑂧 𑂥𑂰𑂔𑂰𑂩 𑂔𑂰 𑂩𑂯𑂰 𑂯𑂴𑂀,कल हम बाजार जा रहा हूँ
𑂡𑂲𑂩𑂵 𑂞𑂳𑂧 𑂮𑂹𑂍𑂴𑂪 𑂔𑂰 𑂩𑂯𑂰 𑂯𑂴𑂀,धीरे तुम स्कूल जा रहा हूँ
𑂍𑂪 𑂮𑂲𑂞𑂰 𑂎𑂰𑂢𑂰 𑂎𑂰 𑂩𑂯𑂰 𑂯𑂴𑂀,कल सीता खाना खा रहा हूँ
𑂄𑂔 𑂮𑂲𑂞𑂰 𑂍𑂱𑂞𑂰𑂥 𑂠𑂵𑂎 𑂩𑂯𑂰 𑂯𑂴𑂀,आज सीता किताब देख रहा हूँ
𑂃𑂦𑂲 𑂞𑂳𑂧 𑂍𑂱𑂞𑂰𑂥 𑂠𑂵𑂎 𑂩𑂯𑂰 𑂯𑂴𑂀,अभी तुम किताब देख रहा हूँ
𑂡𑂲𑂩𑂵 𑂩𑂰𑂧 𑂎𑂰𑂢𑂰 𑂎𑂰 𑂩𑂯𑂰 𑂯𑂴𑂀,धीरे राम खाना खा रहा हूँ
𑂄𑂔 𑂩𑂰𑂧 𑂮𑂹𑂍𑂴𑂪 𑂔𑂰 𑂩𑂯𑂰 𑂯𑂴𑂀,आज राम स्कूल जा रहा हूँ
𑂄𑂔 𑂯𑂧 𑂐𑂩 𑂎𑂰 𑂩𑂯𑂰 𑂯𑂴𑂀,आज हम घर खा रहा हूँ
𑂔𑂪𑂹𑂠𑂲 𑂧𑂶𑂁 𑂮𑂹𑂍𑂴𑂪 𑂎𑂰 𑂩𑂯𑂰 𑂯𑂴𑂀,जल्दी मैं स्कूल खा रहा हूँ
𑂡𑂲𑂩𑂵 𑂫𑂯 𑂐𑂩 𑂠𑂵𑂎 𑂩𑂯𑂰 𑂯𑂴𑂀,धीरे वह घर देख रहा हूँ
𑂄𑂔 𑂯𑂧 𑂎𑂰𑂢𑂰 𑂔𑂰 𑂩𑂯𑂰 𑂯𑂴𑂀,आज हम खाना जा रहा हूँ
𑂍𑂪 𑂞𑂳𑂧 𑂎𑂰𑂢𑂰 𑂠𑂵𑂎 𑂩𑂯𑂰 𑂯𑂴𑂀,कल तुम खाना देख रहा हूँ
𑂍𑂪 𑂩𑂰𑂧 𑂮𑂹𑂍𑂴𑂪 𑂎𑂰 𑂩𑂯𑂰 𑂯𑂴𑂀,कल राम स्कूल खा रहा हूँ
𑂔𑂪𑂹𑂠𑂲 𑂩𑂰𑂧 𑂎𑂰𑂢𑂰 𑂠𑂵𑂎 𑂩𑂯𑂰 𑂯𑂴𑂀,जल्दी राम खाना देख रहा हूँ
𑂄𑂔 𑂮𑂲𑂞𑂰 𑂐𑂩 𑂣𑂜 𑂩𑂯𑂰 𑂯𑂴𑂀,आज सीता घर पढ़ रहा हूँ
𑂄𑂔 𑂞𑂳𑂧 𑂥𑂰𑂔𑂰𑂩 𑂣𑂜 𑂩𑂯𑂰 𑂯𑂴𑂀,आज तुम बाजार पढ़ रहा हूँ
𑂄𑂔 𑂩𑂰𑂧 𑂐𑂩 𑂔𑂰 𑂩𑂯𑂰 𑂯𑂴𑂀,आज राम घर जा रहा हूँ
𑂄𑂔 𑂩𑂰𑂧 𑂥𑂰𑂔𑂰𑂩 𑂔𑂰 𑂩𑂯𑂰 𑂯𑂴𑂀,आज राम बाजार जा रहा हूँ
𑂃𑂦𑂲 𑂯𑂧 𑂮𑂹𑂍𑂴𑂪 𑂔𑂰 𑂩𑂯𑂰 𑂯𑂴𑂀,अभी हम स्कूल जा रहा हूँ
𑂄𑂔 𑂩𑂰𑂧 𑂍𑂱𑂞𑂰𑂥 𑂠𑂵𑂎 𑂩𑂯𑂰 𑂯𑂴𑂀,आज राम किताब देख रहा हूँ
𑂄𑂔 𑂮𑂲𑂞𑂰 𑂥𑂰𑂔𑂰𑂩 𑂔𑂰 𑂩𑂯𑂰 𑂯𑂴𑂀,आज सीता बाजार जा रहा हूँ
𑂔𑂪𑂹𑂠𑂲 𑂯𑂧 𑂎𑂰𑂢𑂰 𑂎𑂰 𑂩𑂯𑂰 𑂯𑂴𑂀,जल्दी हम खाना खा रहा हूँ
𑂔𑂪𑂹𑂠𑂲 𑂩𑂰𑂧 𑂍𑂱𑂞𑂰𑂥 𑂔𑂰 𑂩𑂯𑂰 𑂯𑂴𑂀,जल्दी राम किताब जा रहा हूँ
𑂡𑂲𑂩𑂵 𑂧𑂶𑂁 𑂮𑂹𑂍𑂴𑂪 𑂔𑂰 𑂩𑂯𑂰 𑂯𑂴𑂀,धीरे मैं स्कूल जा रहा हूँ
𑂍𑂪 𑂯𑂧 𑂐𑂩 𑂔𑂰 𑂩𑂯𑂰 𑂯𑂴𑂀,कल हम घर जा रहा हूँ
𑂡𑂲𑂩𑂵 𑂧𑂶𑂁 𑂐𑂩 𑂠𑂵𑂎 𑂩𑂯𑂰 𑂯𑂴𑂀,धीरे मैं घर देख रहा हूँ
𑂄𑂔 𑂧𑂶𑂁 𑂮𑂹𑂍𑂴𑂪 𑂎𑂰 𑂩𑂯𑂰 𑂯𑂴𑂀,आज मैं स्कूल खा रहा हूँ
𑂄𑂔 𑂩𑂰𑂧 𑂮𑂹𑂍𑂴𑂪 𑂎𑂰 𑂩𑂯𑂰 𑂯𑂴𑂀,आज राम स्कूल खा रहा हूँ
𑂄𑂔 𑂧𑂶𑂁 𑂐𑂩 𑂎𑂰 𑂩𑂯𑂰 𑂯𑂴𑂀,आज मैं घर खा रहा हूँ
𑂔𑂪𑂹𑂠𑂲 𑂮𑂲𑂞𑂰 𑂥𑂰𑂔𑂰𑂩 𑂣𑂜 𑂩𑂯𑂰 𑂯𑂴𑂀,जल्दी सीता बाजार पढ़ रहा हूँ
𑂔𑂪𑂹𑂠𑂲 𑂯𑂧 𑂎𑂰𑂢𑂰 𑂎𑂰 𑂩𑂯𑂰 𑂯𑂴𑂀,जल्दी हम खाना खा रहा हूँ
𑂍𑂪 𑂮𑂲𑂞𑂰 𑂥𑂰𑂔𑂰𑂩 𑂪𑂱𑂎 𑂩𑂯𑂰 𑂯𑂴𑂀,कल सीता बाजार लिख रहा हूँ
𑂃𑂦𑂲 𑂯𑂧 𑂍𑂱𑂞𑂰𑂥 𑂣𑂜 𑂩𑂯𑂰 𑂯𑂴𑂀,अभी हम किताब पढ़ रहा हूँ
𑂍𑂪 𑂯𑂧 𑂍𑂱𑂞𑂰𑂥 𑂪𑂱𑂎 𑂩𑂯𑂰 𑂯𑂴𑂀,कल हम किताब लिख रहा हूँ
𑂍𑂪 𑂮𑂲𑂞𑂰 𑂥𑂰𑂔𑂰𑂩 𑂎𑂰 𑂩𑂯𑂰 𑂯𑂴𑂀,कल सीता बाजार खा रहा हूँ
𑂄𑂔 𑂫𑂯 𑂍𑂱𑂞𑂰𑂥 𑂪𑂱𑂎 𑂩𑂯𑂰 𑂯𑂴𑂀,आज वह किताब लिख रहा हूँ
𑂃𑂦𑂲 𑂩𑂰𑂧 𑂍𑂱𑂞𑂰𑂥 𑂣𑂜 𑂩𑂯𑂰 𑂯𑂴𑂀,अभी राम किताब पढ़ रहा हूँ
𑂄𑂔 𑂧𑂶𑂁 𑂮𑂹𑂍𑂴𑂪 𑂔𑂰 𑂩𑂯𑂰 𑂯𑂴𑂀,आज मैं स्कूल जा रहा हूँ
𑂃𑂦𑂲 𑂩𑂰𑂧 𑂮𑂹𑂍𑂴𑂪 𑂪𑂱𑂎 𑂩𑂯𑂰 𑂯𑂴𑂀,अभी राम स्कूल लिख रहा हूँ
𑂔𑂪𑂹𑂠𑂲 𑂯𑂧 𑂥𑂰𑂔𑂰𑂩 𑂪𑂱𑂎 𑂩𑂯𑂰 𑂯𑂴𑂀,जल्दी हम बाजार लिख रहा हूँ
𑂃𑂦𑂲 𑂞𑂳𑂧 𑂥𑂰𑂔𑂰𑂩 𑂔𑂰 𑂩𑂯𑂰 𑂯𑂴𑂀,अभी तुम बाजार जा रहा हूँ
𑂡𑂲𑂩𑂵 𑂮𑂲𑂞𑂰 𑂥𑂰𑂔𑂰𑂩 𑂣𑂜 𑂩𑂯𑂰 𑂯𑂴𑂀,धीरे सीता बाजार पढ़ रहा हूँ
𑂔𑂪𑂹𑂠𑂲 𑂧𑂶𑂁 𑂐𑂩 𑂔𑂰 𑂩𑂯𑂰 𑂯𑂴𑂀,जल्दी मैं घर जा रहा हूँ
𑂡𑂲𑂩𑂵 𑂫𑂯 𑂍𑂱𑂞𑂰𑂥 𑂪𑂱𑂎 𑂩𑂯𑂰 𑂯𑂴𑂀,धीरे वह किताब लिख रहा हूँ
𑂡𑂲𑂩𑂵 𑂧𑂶𑂁 𑂥𑂰𑂔𑂰𑂩 𑂔𑂰 𑂩𑂯𑂰 𑂯𑂴𑂀,धीरे मैं बाजार जा रहा हूँ
𑂍𑂪 𑂧𑂶𑂁 𑂎𑂰𑂢𑂰 𑂠𑂵𑂎 𑂩𑂯𑂰 𑂯𑂴𑂀,कल मैं खाना देख रहा हूँ
𑂡𑂲𑂩𑂵 𑂞𑂳𑂧 𑂮𑂹𑂍𑂴𑂪 𑂎𑂰 𑂩𑂯𑂰 𑂯𑂴𑂀,धीरे तुम स्कूल खा रहा हूँ
𑂄𑂔 𑂩𑂰𑂧 𑂐𑂩 𑂪𑂱𑂎 𑂩𑂯𑂰 𑂯𑂴𑂀,आज राम घर लिख रहा हूँ
𑂃𑂦𑂲 𑂫𑂯 𑂍𑂱𑂞𑂰𑂥 𑂪𑂱𑂎 𑂩𑂯𑂰 𑂯𑂴𑂀,अभी वह किताब लिख रहा हूँ
𑂍𑂪 𑂧𑂶𑂁 𑂮𑂹𑂍𑂴𑂪 𑂔𑂰 𑂩𑂯𑂰 𑂯𑂴𑂀,कल मैं स्कूल जा रहा हूँ
𑂔𑂪𑂹𑂠𑂲 𑂧𑂶𑂁 𑂮𑂹𑂍𑂴𑂪 𑂔𑂰 𑂩𑂯𑂰 𑂯𑂴𑂀,जल्दी मैं स्कूल जा रहा हूँ
𑂍𑂪 𑂯𑂧 𑂎𑂰𑂢𑂰 𑂔𑂰 𑂩𑂯𑂰 𑂯𑂴𑂀,कल हम खाना जा रहा हूँ
𑂡𑂲𑂩𑂵 𑂯𑂧 𑂍𑂱𑂞𑂰𑂥 𑂣𑂜 𑂩𑂯𑂰 𑂯𑂴𑂀,धीरे हम किताब पढ़ रहा हूँ
𑂍𑂪 𑂯𑂧 𑂎𑂰𑂢𑂰 𑂪𑂱𑂎 𑂩𑂯𑂰 𑂯𑂴𑂀,कल हम खाना लिख रहा हूँ
𑂔𑂪𑂹𑂠𑂲 𑂞𑂳𑂧 𑂥𑂰𑂔𑂰𑂩 𑂠𑂵𑂎 𑂩𑂯𑂰 𑂯𑂴𑂀,जल्दी तुम बाजार देख रहा हूँ
𑂍𑂪 𑂮𑂲𑂞𑂰 𑂎𑂰𑂢𑂰 𑂎𑂰 𑂩𑂯𑂰 𑂯𑂴𑂀,कल सीता खाना खा रहा हूँ
𑂡𑂲𑂩𑂵 𑂧𑂶𑂁 𑂮𑂹𑂍𑂴𑂪 𑂠𑂵𑂎 𑂩𑂯𑂰 𑂯𑂴𑂀,धीरे मैं स्कूल देख रहा हूँ
𑂃𑂦𑂲 𑂩𑂰𑂧 𑂍𑂱𑂞𑂰𑂥 𑂠𑂵𑂎 𑂩𑂯𑂰 𑂯𑂴𑂀,अभी राम किताब देख रहा हूँ
𑂄𑂔 𑂧𑂶𑂁 𑂥𑂰𑂔𑂰𑂩 𑂣𑂜 𑂩𑂯𑂰 𑂯𑂴𑂀,आज मैं बाजार पढ़ रहा हूँ
𑂔𑂪𑂹𑂠𑂲 𑂫𑂯 𑂮𑂹𑂍𑂴𑂪 𑂣𑂜 𑂩𑂯𑂰 𑂯𑂴𑂀,जल्दी वह स्कूल पढ़ रहा हूँ
𑂔𑂪𑂹𑂠𑂲 𑂮𑂲𑂞𑂰 𑂐𑂩 𑂎𑂰 𑂩𑂯𑂰 𑂯𑂴𑂀,जल्दी सीता घर खा रहा हूँ
𑂃𑂦𑂲 𑂞𑂳𑂧 𑂎𑂰𑂢𑂰 𑂎𑂰 𑂩𑂯𑂰 𑂯𑂴𑂀,अभी तुम खाना खा रहा हूँ
𑂄𑂔 𑂞𑂳𑂧 𑂍𑂱𑂞𑂰𑂥 𑂔𑂰 𑂩𑂯𑂰 𑂯𑂴𑂀,आज तुम किताब जा रहा हूँ
𑂄𑂔 𑂫𑂯 𑂐𑂩 𑂔𑂰 𑂩𑂯𑂰 𑂯𑂴𑂀,आज वह घर जा रहा हूँ
𑂡𑂲𑂩𑂵 𑂩𑂰𑂧 𑂐𑂩 𑂎𑂰 𑂩𑂯𑂰 𑂯𑂴𑂀,धीरे राम घर खा रहा हूँ
𑂄𑂔 𑂧𑂶𑂁 𑂥𑂰𑂔𑂰𑂩 𑂣𑂜 𑂩𑂯𑂰 𑂯𑂴𑂀,आज मैं बाजार पढ़ रहा हूँ
𑂡𑂲𑂩𑂵 𑂮𑂲𑂞𑂰 𑂍𑂱𑂞𑂰𑂥 𑂣𑂜 𑂩𑂯𑂰 𑂯𑂴𑂀,धीरे सीता किताब पढ़ रहा हूँ
𑂍𑂪 𑂮𑂲𑂞𑂰 𑂍𑂱𑂞𑂰𑂥 𑂔𑂰 𑂩𑂯𑂰 𑂯𑂴𑂀,कल सीता किताब जा रहा हूँ
𑂔𑂪𑂹𑂠𑂲 𑂧𑂶𑂁 𑂎𑂰𑂢𑂰 𑂔𑂰 𑂩𑂯𑂰 𑂯𑂴𑂀,जल्दी मैं खाना जा रहा हूँ
𑂍𑂪 𑂫𑂯 𑂎𑂰𑂢𑂰 𑂠𑂵𑂎 𑂩𑂯𑂰 𑂯𑂴𑂀,कल वह खाना देख रहा हूँ
𑂡𑂲𑂩𑂵 𑂩𑂰𑂧 𑂥𑂰𑂔𑂰𑂩 𑂔𑂰 𑂩𑂯𑂰 𑂯𑂴𑂀,धीरे राम बाजार जा रहा हूँ
𑂔𑂪𑂹𑂠𑂲 𑂞𑂳𑂧 𑂐𑂩 𑂔𑂰 𑂩𑂯𑂰 𑂯𑂴𑂀,जल्दी तुम घर जा रहा हूँ
𑂄𑂔 𑂮𑂲𑂞𑂰 𑂮𑂹𑂍𑂴𑂪 𑂣𑂜 𑂩𑂯𑂰 𑂯𑂴𑂀,आज सीता स्कूल पढ़ रहा हूँ
𑂍𑂪 𑂮𑂲𑂞𑂰 𑂮𑂹𑂍𑂴𑂪 𑂣𑂜 𑂩𑂯𑂰 𑂯𑂴𑂀,कल सीता स्कूल पढ़ रहा हूँ
𑂔𑂪𑂹𑂠𑂲 𑂮𑂲𑂞𑂰 𑂐𑂩 𑂣𑂜 𑂩𑂯𑂰 𑂯𑂴𑂀,जल्दी सीता घर पढ़ रहा हूँ
𑂄𑂔 𑂫𑂯 𑂐𑂩 𑂎𑂰 𑂩𑂯𑂰 𑂯𑂴𑂀,आज वह घर खा रहा हूँ
𑂄𑂔 𑂞𑂳𑂧 𑂍𑂱𑂞𑂰𑂥 𑂎𑂰 𑂩𑂯𑂰 𑂯𑂴𑂀,आज तुम किताब खा रहा हूँ
𑂡𑂲𑂩𑂵 𑂯𑂧 𑂮𑂹𑂍𑂴𑂪 𑂠𑂵𑂎 𑂩𑂯𑂰 𑂯𑂴𑂀,धीरे हम स्कूल देख रहा हूँ
𑂄𑂔 𑂞𑂳𑂧 𑂎𑂰𑂢𑂰 𑂎𑂰 𑂩𑂯𑂰 𑂯𑂴𑂀,आज तुम खाना खा रहा हूँ
𑂍𑂪 𑂮𑂲𑂞𑂰 𑂍𑂱𑂞𑂰𑂥 𑂎𑂰 𑂩𑂯𑂰 𑂯𑂴𑂀,कल सीता किताब खा रहा हूँ
𑂍𑂪 𑂯𑂧 𑂮𑂹𑂍𑂴𑂪 𑂎𑂰 𑂩𑂯𑂰 𑂯𑂴𑂀,कल हम स्कूल खा रहा हूँ
𑂃𑂦𑂲 𑂧𑂶𑂁 𑂐𑂩 𑂪𑂱𑂎 𑂩𑂯𑂰 𑂯𑂴𑂀,अभी मैं घर लिख रहा हूँ
𑂍𑂪 𑂞𑂳𑂧 𑂎𑂰𑂢𑂰 𑂎𑂰 𑂩𑂯𑂰 𑂯𑂴𑂀,कल तुम खाना खा रहा हूँ
𑂃𑂦𑂲 𑂮𑂲𑂞𑂰 𑂐𑂩 𑂔𑂰 𑂩𑂯𑂰 𑂯𑂴𑂀,अभी सीता घर जा रहा हूँ
𑂄𑂔 𑂞𑂳𑂧 𑂥𑂰𑂔𑂰𑂩 𑂎𑂰 𑂩𑂯𑂰 𑂯𑂴𑂀,आज तुम बाजार खा रहा हूँ
𑂔𑂪𑂹𑂠𑂲 𑂧𑂶𑂁 𑂐𑂩 𑂣𑂜 𑂩𑂯𑂰 𑂯𑂴𑂀,जल्दी मैं घर पढ़ रहा हूँ
𑂔𑂪𑂹𑂠𑂲 𑂯𑂧 𑂥𑂰𑂔𑂰𑂩 𑂔𑂰 𑂩𑂯𑂰 𑂯𑂴𑂀,जल्दी हम बाजार जा रहा हूँ
𑂔𑂪𑂹𑂠𑂲 𑂯𑂧 𑂐𑂩 𑂣𑂜 𑂩𑂯𑂰 𑂯𑂴𑂀,जल्दी हम घर पढ़ रहा हूँ
𑂍𑂪 𑂞𑂳𑂧 𑂎𑂰𑂢𑂰 𑂣𑂜 𑂩𑂯𑂰 𑂯𑂴𑂀,कल तुम खाना पढ़ रहा हूँ
𑂃𑂦𑂲 𑂮𑂲𑂞𑂰 𑂎𑂰𑂢𑂰 𑂎𑂰 𑂩𑂯𑂰 𑂯𑂴𑂀,अभी सीता खाना खा रहा हूँ
𑂃𑂦𑂲 𑂫𑂯 𑂎𑂰𑂢𑂰 𑂔𑂰 𑂩𑂯𑂰 𑂯𑂴𑂀,अभी वह खाना जा रहा हूँ
𑂍𑂪 𑂯𑂧 𑂍𑂱𑂞𑂰𑂥 𑂠𑂵𑂎 𑂩𑂯𑂰 𑂯𑂴𑂀,कल हम किताब देख रहा हूँ
𑂔𑂪𑂹𑂠𑂲 𑂯𑂧 𑂐𑂩 𑂠𑂵𑂎 𑂩𑂯𑂰 𑂯𑂴𑂀,जल्दी हम घर देख रहा हूँ
𑂃𑂦𑂲 𑂧𑂶𑂁 𑂍𑂱𑂞𑂰𑂥 𑂪𑂱𑂎 𑂩𑂯𑂰 𑂯𑂴𑂀,अभी मैं किताब लिख रहा हूँ
𑂔𑂪𑂹𑂠𑂲 𑂯𑂧 𑂎𑂰𑂢𑂰 𑂪𑂱𑂎 𑂩𑂯𑂰 𑂯𑂴𑂀,जल्दी हम खाना लिख रहा हूँ
𑂔𑂪𑂹𑂠𑂲 𑂧𑂶𑂁 𑂍𑂱𑂞𑂰𑂥 𑂔𑂰 𑂩𑂯𑂰 𑂯𑂴𑂀,जल्दी मैं किताब जा रहा हूँ
𑂡𑂲𑂩𑂵 𑂞𑂳𑂧 𑂐𑂩 𑂠𑂵𑂎 𑂩𑂯𑂰 𑂯𑂴𑂀,धीरे तुम घर देख रहा हूँ
𑂡𑂲𑂩𑂵 𑂧𑂶𑂁 𑂐𑂩 𑂎𑂰 𑂩𑂯𑂰 𑂯𑂴𑂀,धीरे मैं घर खा रहा हूँ
𑂄𑂔 𑂮𑂲𑂞𑂰 𑂥𑂰𑂔𑂰𑂩 𑂪𑂱𑂎 𑂩𑂯𑂰 𑂯𑂴𑂀,आज सीता बाजार लिख रहा हूँ
𑂃𑂦𑂲 𑂯𑂧 𑂍𑂱𑂞𑂰𑂥 𑂠𑂵𑂎 𑂩𑂯𑂰 𑂯𑂴𑂀,अभी हम किताब देख रहा हूँ
𑂡𑂲𑂩𑂵 𑂧𑂶𑂁 𑂍𑂱𑂞𑂰𑂥 𑂪𑂱𑂎 𑂩𑂯𑂰 𑂯𑂴𑂀,धीरे मैं किताब लिख रहा हूँ
𑂍𑂪 𑂯𑂧 𑂍𑂱𑂞𑂰𑂥 𑂎𑂰 𑂩𑂯𑂰 𑂯𑂴𑂀,कल हम किताब खा रहा हूँ
𑂄𑂔 𑂫𑂯 𑂍𑂱𑂞𑂰𑂥 𑂔𑂰 𑂩𑂯𑂰 𑂯𑂴𑂀,आज वह किताब जा रहा हूँ
𑂡𑂲𑂩𑂵 𑂩𑂰𑂧 𑂎𑂰𑂢𑂰 𑂔𑂰 𑂩𑂯𑂰 𑂯𑂴𑂀,धीरे राम खाना जा रहा हूँ
𑂡𑂲𑂩𑂵 𑂮𑂲𑂞𑂰 𑂥𑂰𑂔𑂰𑂩 𑂠𑂵𑂎 𑂩𑂯𑂰 𑂯𑂴𑂀,धीरे सीता बाजार देख रहा हूँ
𑂍𑂪 𑂧𑂶𑂁 𑂐𑂩 𑂪𑂱𑂎 𑂩𑂯𑂰 𑂯𑂴𑂀,कल मैं घर लिख रहा हूँ
𑂔𑂪𑂹𑂠𑂲 𑂫𑂯 𑂐𑂩 𑂠𑂵𑂎 𑂩𑂯𑂰 𑂯𑂴𑂀,जल्दी वह घर देख रहा हूँ
𑂍𑂪 𑂮𑂲𑂞𑂰 𑂍𑂱𑂞𑂰𑂥 𑂪𑂱𑂎 𑂩𑂯𑂰 𑂯𑂴𑂀,कल सीता किताब लिख रहा हूँ
𑂄𑂔 𑂫𑂯 𑂍𑂱𑂞𑂰𑂥 𑂪𑂱𑂎 𑂩𑂯𑂰 𑂯𑂴𑂀,आज वह किताब लिख रहा हूँ
𑂄𑂔 𑂮𑂲𑂞𑂰 𑂮𑂹𑂍𑂴𑂪 𑂎𑂰 𑂩𑂯𑂰 𑂯𑂴𑂀,आज सीता स्कूल खा रहा हूँ
𑂍𑂪 𑂧𑂶𑂁 𑂮𑂹𑂍𑂴𑂪 𑂠𑂵𑂎 𑂩𑂯𑂰 𑂯𑂴𑂀,कल मैं स्कूल देख रहा हूँ
𑂔𑂪𑂹𑂠𑂲 𑂯𑂧 𑂎𑂰𑂢𑂰 𑂣𑂜 𑂩𑂯𑂰 𑂯𑂴𑂀,जल्दी हम खाना पढ़ रहा हूँ
𑂃𑂦𑂲 𑂞𑂳𑂧 𑂍𑂱𑂞𑂰𑂥 𑂪𑂱𑂎 𑂩𑂯𑂰 𑂯𑂴𑂀,अभी तुम किताब लिख रहा हूँ
𑂔𑂪𑂹𑂠𑂲 𑂫𑂯 𑂍𑂱𑂞𑂰𑂥 𑂠𑂵𑂎 𑂩𑂯𑂰 𑂯𑂴𑂀,जल्दी वह किताब देख रहा हूँ
𑂍𑂪 𑂧𑂶𑂁 𑂥𑂰𑂔𑂰𑂩 𑂣𑂜 𑂩𑂯𑂰 𑂯𑂴𑂀,कल मैं बाजार पढ़ रहा हूँ
𑂍𑂪 𑂧𑂶𑂁 𑂮𑂹𑂍𑂴𑂪 𑂠𑂵𑂎 𑂩𑂯𑂰 𑂯𑂴𑂀,कल मैं स्कूल देख रहा हूँ
𑂔𑂪𑂹𑂠𑂲 𑂩𑂰𑂧 𑂐𑂩 𑂠𑂵𑂎 𑂩𑂯𑂰 𑂯𑂴𑂀,जल्दी राम घर देख रहा हूँ
𑂄𑂔 𑂧𑂶𑂁 𑂥𑂰𑂔𑂰𑂩 𑂔𑂰 𑂩𑂯𑂰 𑂯𑂴𑂀,आज मैं बाजार जा रहा हूँ
𑂡𑂲𑂩𑂵 𑂧𑂶𑂁 𑂍𑂱𑂞𑂰𑂥 𑂔𑂰 𑂩𑂯𑂰 𑂯𑂴𑂀,धीरे मैं किताब जा रहा हूँ
𑂍𑂪 𑂩𑂰𑂧 𑂎𑂰𑂢𑂰 𑂎𑂰 𑂩𑂯𑂰 𑂯𑂴𑂀,कल राम खाना खा रहा हूँ
𑂃𑂦𑂲 𑂧𑂶𑂁 𑂮𑂹𑂍𑂴𑂪 𑂪𑂱𑂎 𑂩𑂯𑂰 𑂯𑂴𑂀,अभी मैं स्कूल लिख रहा हूँ
𑂄𑂔 𑂧𑂶𑂁 𑂮𑂹𑂍𑂴𑂪 𑂎𑂰 𑂩𑂯𑂰 𑂯𑂴𑂀,आज मैं स्कूल खा रहा हूँ
𑂃𑂦𑂲 𑂧𑂶𑂁 𑂥𑂰𑂔𑂰𑂩 𑂣𑂜 𑂩𑂯𑂰 𑂯𑂴𑂀,अभी मैं बाजार पढ़ रहा हूँ
𑂔𑂪𑂹𑂠𑂲 𑂧𑂶𑂁 𑂎𑂰𑂢𑂰 𑂣𑂜 𑂩𑂯𑂰 𑂯𑂴𑂀,जल्दी मैं खाना पढ़ रहा हूँ
𑂡𑂲𑂩𑂵 𑂩𑂰𑂧 𑂎𑂰𑂢𑂰 𑂠𑂵𑂎 𑂩𑂯𑂰 𑂯𑂴𑂀,धीरे राम खाना देख रहा हूँ
𑂡𑂲𑂩𑂵 𑂫𑂯 𑂍𑂱𑂞𑂰𑂥 𑂣𑂜 𑂩𑂯𑂰 𑂯𑂴𑂀,धीरे वह किताब पढ़ रहा हूँ
𑂔𑂪𑂹𑂠𑂲 𑂩𑂰𑂧 𑂮𑂹𑂍𑂴𑂪 𑂎𑂰 𑂩𑂯𑂰 𑂯𑂴𑂀,जल्दी राम स्कूल खा रहा हूँ
𑂔𑂪𑂹𑂠𑂲 𑂮𑂲𑂞𑂰 𑂮𑂹𑂍𑂴𑂪 𑂪𑂱𑂎 𑂩𑂯𑂰 𑂯𑂴𑂀,जल्दी सीता स्कूल लिख रहा हूँ
𑂍𑂪 𑂮𑂲𑂞𑂰 𑂥𑂰𑂔𑂰𑂩 𑂎𑂰 𑂩𑂯𑂰 𑂯𑂴𑂀,कल सीता बाजार खा रहा हूँ
𑂄𑂔 𑂧𑂶𑂁 𑂥𑂰𑂔𑂰𑂩 𑂔𑂰 𑂩𑂯𑂰 𑂯𑂴𑂀,आज मैं बाजार जा रहा हूँ
𑂡𑂲𑂩𑂵 𑂯𑂧 𑂍𑂱𑂞𑂰𑂥 𑂣𑂜 𑂩𑂯𑂰 𑂯𑂴𑂀,धीरे हम किताब पढ़ रहा हूँ
𑂔𑂪𑂹𑂠𑂲 𑂯𑂧 𑂮𑂹𑂍𑂴𑂪 𑂪𑂱𑂎 𑂩𑂯𑂰 𑂯𑂴𑂀,जल्दी हम स्कूल लिख रहा हूँ
𑂍𑂪 𑂮𑂲𑂞𑂰 𑂎𑂰𑂢𑂰 𑂣𑂜 𑂩𑂯𑂰 𑂯𑂴𑂀,कल सीता खाना पढ़ रहा हूँ
𑂄𑂔 𑂫𑂯 𑂥𑂰𑂔𑂰𑂩 𑂎𑂰 𑂩𑂯𑂰 𑂯𑂴𑂀,आज वह बाजार खा रहा हूँ
𑂡𑂲𑂩𑂵 𑂮𑂲𑂞𑂰 𑂥𑂰𑂔𑂰𑂩 𑂪𑂱𑂎 𑂩𑂯𑂰 𑂯𑂴𑂀,धीरे सीता बाजार लिख रहा हूँ
𑂃𑂦𑂲 𑂮𑂲𑂞𑂰 𑂐𑂩 𑂣𑂜 𑂩𑂯𑂰 𑂯𑂴𑂀,अभी सीता घर पढ़ रहा हूँ
𑂔𑂪𑂹𑂠𑂲 𑂩𑂰𑂧 𑂐𑂩 𑂎𑂰 𑂩𑂯𑂰 𑂯𑂴𑂀,जल्दी राम घर खा रहा हूँ
𑂔𑂪𑂹𑂠𑂲 𑂯𑂧 𑂎𑂰𑂢𑂰 𑂎𑂰 𑂩𑂯𑂰 𑂯𑂴𑂀,जल्दी हम खाना खा रहा हूँ
𑂔𑂪𑂹𑂠𑂲 𑂞𑂳𑂧 𑂐𑂩 𑂣𑂜 𑂩𑂯𑂰 𑂯𑂴𑂀,जल्दी तुम घर पढ़ रहा हूँ
𑂍𑂪 𑂞𑂳𑂧 𑂥𑂰𑂔𑂰𑂩 𑂣𑂜 𑂩𑂯𑂰 𑂯𑂴𑂀,कल तुम बाजार पढ़ रहा हूँ
𑂡𑂲𑂩𑂵 𑂫𑂯 𑂐𑂩 𑂠𑂵𑂎 𑂩𑂯𑂰 𑂯𑂴𑂀,धीरे वह घर देख रहा हूँ
𑂃𑂦𑂲 𑂯𑂧 𑂍𑂱𑂞𑂰𑂥 𑂎𑂰 𑂩𑂯𑂰 𑂯𑂴𑂀,अभी हम किताब खा रहा हूँ
𑂃𑂦𑂲 𑂞𑂳𑂧 𑂥𑂰𑂔𑂰𑂩 𑂪𑂱𑂎 𑂩𑂯𑂰 𑂯𑂴𑂀,अभी तुम बाजार लिख रहा हूँ
𑂔𑂪𑂹𑂠𑂲 𑂧𑂶𑂁 𑂐𑂩 𑂔𑂰 𑂩𑂯𑂰 𑂯𑂴𑂀,जल्दी मैं घर जा रहा हूँ
𑂍𑂪 𑂯𑂧 𑂎𑂰𑂢𑂰 𑂔𑂰 𑂩𑂯𑂰 𑂯𑂴𑂀,कल हम खाना जा रहा हूँ
𑂃𑂦𑂲 𑂧𑂶𑂁 𑂮𑂹𑂍𑂴𑂪 𑂎𑂰 𑂩𑂯𑂰 𑂯𑂴𑂀,अभी मैं स्कूल खा रहा हूँ
𑂄𑂔 𑂞𑂳𑂧 𑂐𑂩 𑂣𑂜 𑂩𑂯𑂰 𑂯𑂴𑂀,आज तुम घर पढ़ रहा हूँ
𑂔𑂪𑂹𑂠𑂲 𑂞𑂳𑂧 𑂎𑂰𑂢𑂰 𑂎𑂰 𑂩𑂯𑂰 𑂯𑂴𑂀,जल्दी तुम खाना खा रहा हूँ
𑂃𑂦𑂲 𑂯𑂧 𑂐𑂩 𑂪𑂱𑂎 𑂩𑂯𑂰 𑂯𑂴𑂀,अभी हम घर लिख रहा हूँ
𑂔𑂪𑂹𑂠𑂲 𑂫𑂯 𑂐𑂩 𑂠𑂵𑂎 𑂩𑂯𑂰 𑂯𑂴𑂀,जल्दी वह घर देख रहा हूँ
𑂔𑂪𑂹𑂠𑂲 𑂮𑂲𑂞𑂰 𑂍𑂱𑂞𑂰𑂥 𑂣𑂜 𑂩𑂯𑂰 𑂯𑂴𑂀,जल्दी सीता किताब पढ़ रहा हूँ
𑂍𑂪 𑂫𑂯 𑂎𑂰𑂢𑂰 𑂔𑂰 𑂩𑂯𑂰 𑂯𑂴𑂀,कल वह खाना जा रहा हूँ
𑂄𑂔 𑂮𑂲𑂞𑂰 𑂎𑂰𑂢𑂰 𑂠𑂵𑂎 𑂩𑂯𑂰 𑂯𑂴𑂀,आज सीता खाना देख रहा हूँ
𑂔𑂪𑂹𑂠𑂲 𑂫𑂯 𑂮𑂹𑂍𑂴𑂪 𑂪𑂱𑂎 𑂩𑂯𑂰 𑂯𑂴𑂀,जल्दी वह स्कूल लिख रहा हूँ
𑂔𑂪𑂹𑂠𑂲 𑂮𑂲𑂞𑂰 𑂮𑂹𑂍𑂴𑂪 𑂎𑂰 𑂩𑂯𑂰 𑂯𑂴𑂀,जल्दी सीता स्कूल खा रहा हूँ
𑂃𑂦𑂲 𑂫𑂯 𑂍𑂱𑂞𑂰𑂥 𑂪𑂱𑂎 𑂩𑂯𑂰 𑂯𑂴𑂀,अभी वह किताब लिख रहा हूँ
𑂔𑂪𑂹𑂠𑂲 𑂫𑂯 𑂮𑂹𑂍𑂴𑂪 𑂔𑂰 𑂩𑂯𑂰 𑂯𑂴𑂀,जल्दी वह स्कूल जा रहा हूँ
𑂃𑂦𑂲 𑂩𑂰𑂧 𑂍𑂱𑂞𑂰𑂥 𑂠𑂵𑂎 𑂩𑂯𑂰 𑂯𑂴𑂀,अभी राम किताब देख रहा हूँ
𑂄𑂔 𑂧𑂶𑂁 𑂍𑂱𑂞𑂰𑂥 𑂣𑂜 𑂩𑂯𑂰 𑂯𑂴𑂀,आज मैं किताब पढ़ रहा हूँ
𑂃𑂦𑂲 𑂧𑂶𑂁 𑂥𑂰𑂔𑂰𑂩 𑂠𑂵𑂎 𑂩𑂯𑂰 𑂯𑂴𑂀,अभी मैं बाजार देख रहा हूँ
𑂔𑂪𑂹𑂠𑂲 𑂧𑂶𑂁 𑂮𑂹𑂍𑂴𑂪 𑂣𑂜 𑂩𑂯𑂰 𑂯𑂴𑂀,जल्दी मैं स्कूल पढ़ रहा हूँ
𑂄𑂔 𑂫𑂯 𑂍𑂱𑂞𑂰𑂥 𑂠𑂵𑂎 𑂩𑂯𑂰 𑂯𑂴𑂀,आज वह किताब देख रहा हूँ
𑂔𑂪𑂹𑂠𑂲 𑂧𑂶𑂁 𑂮𑂹𑂍𑂴𑂪 𑂔𑂰 𑂩𑂯𑂰 𑂯𑂴𑂀,जल्दी मैं स्कूल जा रहा हूँ
𑂍𑂪 𑂫𑂯 𑂎𑂰𑂢𑂰 𑂎𑂰 𑂩𑂯𑂰 𑂯𑂴𑂀,कल वह खाना खा रहा हूँ
𑂃𑂦𑂲 𑂮𑂲𑂞𑂰 𑂥𑂰𑂔𑂰𑂩 𑂣𑂜 𑂩𑂯𑂰 𑂯𑂴𑂀,अभी सीता बाजार पढ़ रहा हूँ
𑂄𑂔 𑂫𑂯 𑂐𑂩 𑂠𑂵𑂎 𑂩𑂯𑂰 𑂯𑂴𑂀,आज वह घर देख रहा हूँ
𑂄𑂔 𑂮𑂲𑂞𑂰 𑂮𑂹𑂍𑂴𑂪 𑂔𑂰 𑂩𑂯𑂰 𑂯𑂴𑂀,आज सीता स्कूल जा रहा हूँ
𑂃𑂦𑂲 𑂩𑂰𑂧 𑂮𑂹𑂍𑂴𑂪 𑂣𑂜 𑂩𑂯𑂰 𑂯𑂴𑂀,अभी राम स्कूल पढ़ रहा हूँ
𑂃𑂦𑂲 𑂧𑂶𑂁 𑂥𑂰𑂔𑂰𑂩 𑂔𑂰 𑂩𑂯𑂰 𑂯𑂴𑂀,अभी मैं बाजार जा रहा हूँ
𑂔𑂪𑂹𑂠𑂲 𑂯𑂧 𑂥𑂰𑂔𑂰𑂩 𑂪𑂱𑂎 𑂩𑂯𑂰 𑂯𑂴𑂀,जल्दी हम बाजार लिख रहा हूँ
𑂍𑂪 𑂩𑂰𑂧 𑂎𑂰𑂢𑂰 𑂔𑂰 𑂩𑂯𑂰 𑂯𑂴𑂀,कल राम खाना जा रहा हूँ
𑂄𑂔 𑂧𑂶𑂁 𑂥𑂰𑂔𑂰𑂩 𑂠𑂵𑂎 𑂩𑂯𑂰 𑂯𑂴𑂀,आज मैं बाजार देख रहा हूँ
𑂡𑂲𑂩𑂵 𑂮𑂲𑂞𑂰 𑂐𑂩 𑂎𑂰 𑂩𑂯𑂰 𑂯𑂴𑂀,धीरे सीता घर खा रहा हूँ
𑂔𑂪𑂹𑂠𑂲 𑂞𑂳𑂧 𑂎𑂰𑂢𑂰 𑂣𑂜 𑂩𑂯𑂰 𑂯𑂴𑂀,जल्दी तुम खाना पढ़ रहा हूँ
𑂔𑂪𑂹𑂠𑂲 𑂮𑂲𑂞𑂰 𑂐𑂩 𑂎𑂰 𑂩𑂯𑂰 𑂯𑂴𑂀,जल्दी सीता घर खा रहा हूँ
𑂔𑂪𑂹𑂠𑂲 𑂮𑂲𑂞𑂰 𑂍𑂱𑂞𑂰𑂥 𑂪𑂱𑂎 𑂩𑂯𑂰 𑂯𑂴𑂀,जल्दी सीता किताब लिख रहा हूँ
𑂔𑂪𑂹𑂠𑂲 𑂞𑂳𑂧 𑂐𑂩 𑂔𑂰 𑂩𑂯𑂰 𑂯𑂴𑂀,जल्दी तुम घर जा रहा हूँ
𑂡𑂲𑂩𑂵 𑂞𑂳𑂧 𑂎𑂰𑂢𑂰 𑂠𑂵𑂎 𑂩𑂯𑂰 𑂯𑂴𑂀,धीरे तुम खाना देख रहा हूँ
𑂃𑂦𑂲 𑂮𑂲𑂞𑂰 𑂥𑂰𑂔𑂰𑂩 𑂣𑂜 𑂩𑂯𑂰 𑂯𑂴𑂀,अभी सीता बाजार पढ़ रहा हूँ
𑂄𑂔 𑂫𑂯 𑂮𑂹𑂍𑂴𑂪 𑂪𑂱𑂎 𑂩𑂯𑂰 𑂯𑂴𑂀,आज वह स्कूल लिख रहा हूँ
𑂄𑂔 𑂞𑂳𑂧 𑂍𑂱𑂞𑂰𑂥 𑂠𑂵𑂎 𑂩𑂯𑂰 𑂯𑂴𑂀,आज तुम किताब देख रहा हूँ
𑂃𑂦𑂲 𑂯𑂧 𑂮𑂹𑂍𑂴𑂪 𑂣𑂜 𑂩𑂯𑂰 𑂯𑂴𑂀,अभी हम स्कूल पढ़ रहा हूँ
𑂡𑂲𑂩𑂵 𑂯𑂧 𑂐𑂩 𑂎𑂰 𑂩𑂯𑂰 𑂯𑂴𑂀,धीरे हम घर खा रहा हूँ
𑂄𑂔 𑂩𑂰𑂧 𑂍𑂱𑂞𑂰𑂥 𑂔𑂰 𑂩𑂯𑂰 𑂯𑂴𑂀,आज राम किताब जा रहा हूँ
𑂡𑂲𑂩𑂵 𑂧𑂶𑂁 𑂥𑂰𑂔𑂰𑂩 𑂪𑂱𑂎 𑂩𑂯𑂰 𑂯𑂴𑂀,धीरे मैं बाजार लिख रहा हूँ
𑂔𑂪𑂹𑂠𑂲 𑂮𑂲𑂞𑂰 𑂐𑂩 𑂪𑂱𑂎 𑂩𑂯𑂰 𑂯𑂴𑂀,जल्दी सीता घर लिख रहा हूँ
𑂡𑂲𑂩𑂵 𑂧𑂶𑂁 𑂮𑂹𑂍𑂴𑂪 𑂔𑂰 𑂩𑂯𑂰 𑂯𑂴𑂀,धीरे मैं स्कूल जा रहा हूँ
𑂃𑂦𑂲 𑂯𑂧 𑂐𑂩 𑂪𑂱𑂎 𑂩𑂯𑂰 𑂯𑂴𑂀,अभी हम घर लिख रहा हूँ
𑂡𑂲𑂩𑂵 𑂞𑂳𑂧 𑂥𑂰𑂔𑂰𑂩 𑂔𑂰 𑂩𑂯𑂰 𑂯𑂴𑂀,धीरे तुम बाजार जा रहा हूँ
𑂔𑂪𑂹𑂠𑂲 𑂩𑂰𑂧 𑂥𑂰𑂔𑂰𑂩 𑂠𑂵𑂎 𑂩𑂯𑂰 𑂯𑂴𑂀,जल्दी राम बाजार देख रहा हूँ
𑂃𑂦𑂲 𑂩𑂰𑂧 𑂐𑂩 𑂔𑂰 𑂩𑂯𑂰 𑂯𑂴𑂀,अभी राम घर जा रहा हूँ
𑂄𑂔 𑂫𑂯 𑂮𑂹𑂍𑂴𑂪 𑂔𑂰 𑂩𑂯𑂰 𑂯𑂴𑂀,आज वह स्कूल जा रहा हूँ
𑂄𑂔 𑂞𑂳𑂧 𑂮𑂹𑂍𑂴𑂪 𑂠𑂵𑂎 𑂩𑂯𑂰 𑂯𑂴𑂀,आज तुम स्कूल देख रहा हूँ
𑂄𑂔 𑂯𑂧 𑂮𑂹𑂍𑂴𑂪 𑂎𑂰 𑂩𑂯𑂰 𑂯𑂴𑂀,आज हम स्कूल खा रहा हूँ
𑂡𑂲𑂩𑂵 𑂞𑂳𑂧 𑂐𑂩 𑂔𑂰 𑂩𑂯𑂰 𑂯𑂴𑂀,धीरे तुम घर जा रहा हूँ
𑂃𑂦𑂲 𑂩𑂰𑂧 𑂍𑂱𑂞𑂰𑂥 𑂠𑂵𑂎 𑂩𑂯𑂰 𑂯𑂴𑂀,अभी राम किताब देख रहा हूँ
𑂔𑂪𑂹𑂠𑂲 𑂫𑂯 𑂎𑂰𑂢𑂰 𑂪𑂱𑂎 𑂩𑂯𑂰 𑂯𑂴𑂀,जल्दी वह खाना लिख रहा हूँ
𑂍𑂪 𑂮𑂲𑂞𑂰 𑂍𑂱𑂞𑂰𑂥 𑂎𑂰 𑂩𑂯𑂰 𑂯𑂴𑂀,कल सीता किताब खा रहा हूँ
𑂃𑂦𑂲 𑂫𑂯 𑂐𑂩 𑂠𑂵𑂎 𑂩𑂯𑂰 𑂯𑂴𑂀,अभी वह घर देख रहा हूँ
𑂔𑂪𑂹𑂠𑂲 𑂮𑂲𑂞𑂰 𑂎𑂰𑂢𑂰 𑂔𑂰 𑂩𑂯𑂰 𑂯𑂴𑂀,जल्दी सीता खाना जा रहा हूँ
𑂃𑂦𑂲 𑂧𑂶𑂁 𑂐𑂩 𑂎𑂰 𑂩𑂯𑂰 𑂯𑂴𑂀,अभी मैं घर खा रहा हूँ
𑂔𑂪𑂹𑂠𑂲 𑂧𑂶𑂁 𑂐𑂩 𑂎𑂰 𑂩𑂯𑂰 𑂯𑂴𑂀,जल्दी मैं घर खा रहा हूँ
𑂔𑂪𑂹𑂠𑂲 𑂫𑂯 𑂥𑂰𑂔𑂰𑂩 𑂠𑂵𑂎 𑂩𑂯𑂰 𑂯𑂴𑂀,जल्दी वह बाजार देख रहा हूँ
𑂍𑂪 𑂞𑂳𑂧 𑂥𑂰𑂔𑂰𑂩 𑂪𑂱𑂎 𑂩𑂯𑂰 𑂯𑂴𑂀,कल तुम बाजार लिख रहा हूँ
𑂃𑂦𑂲 𑂞𑂳𑂧 𑂥𑂰𑂔𑂰𑂩 𑂎𑂰 𑂩𑂯𑂰 𑂯𑂴𑂀,अभी तुम बाजार खा रहा हूँ
𑂄𑂔 𑂮𑂲𑂞𑂰 𑂎𑂰𑂢𑂰 𑂎𑂰 𑂩𑂯𑂰 𑂯𑂴𑂀,आज सीता खाना खा रहा हूँ
𑂃𑂦𑂲 𑂞𑂳𑂧 𑂥𑂰𑂔𑂰𑂩 𑂣𑂜 𑂩𑂯𑂰 𑂯𑂴𑂀,अभी तुम बाजार पढ़ रहा हूँ
𑂔𑂪𑂹𑂠𑂲 𑂞𑂳𑂧 𑂎𑂰𑂢𑂰 𑂣𑂜 𑂩𑂯𑂰 𑂯𑂴𑂀,जल्दी तुम खाना पढ़ रहा हूँ
𑂡𑂲𑂩𑂵 𑂩𑂰𑂧 𑂍𑂱𑂞𑂰𑂥 𑂠𑂵𑂎 𑂩𑂯𑂰 𑂯𑂴𑂀,धीरे राम किताब देख रहा हूँ
𑂃𑂦𑂲 𑂯𑂧 𑂍𑂱𑂞𑂰𑂥 𑂣𑂜 𑂩𑂯𑂰 𑂯𑂴𑂀,अभी हम किताब पढ़ रहा हूँ
𑂍𑂪 𑂮𑂲𑂞𑂰 𑂮𑂹𑂍𑂴𑂪 𑂔𑂰 𑂩𑂯𑂰 𑂯𑂴𑂀,कल सीता स्कूल जा रहा हूँ
𑂃𑂦𑂲 𑂫𑂯 𑂥𑂰𑂔𑂰𑂩 𑂣𑂜 𑂩𑂯𑂰 𑂯𑂴𑂀,अभी वह बाजार पढ़ रहा हूँ
𑂡𑂲𑂩𑂵 𑂧𑂶𑂁 𑂎𑂰𑂢𑂰 𑂔𑂰 𑂩𑂯𑂰 𑂯𑂴𑂀,धीरे मैं खाना जा रहा हूँ
𑂄𑂔 𑂞𑂳𑂧 𑂮𑂹𑂍𑂴𑂪 𑂎𑂰 𑂩𑂯𑂰 𑂯𑂴𑂀,आज तुम स्कूल खा रहा हूँ
𑂄𑂔 𑂞𑂳𑂧 𑂎𑂰𑂢𑂰 𑂔𑂰 𑂩𑂯𑂰 𑂯𑂴𑂀,आज तुम खाना जा रहा हूँ
𑂃𑂦𑂲 𑂫𑂯 𑂐𑂩 𑂪𑂱𑂎 𑂩𑂯𑂰 𑂯𑂴𑂀,अभी वह घर लिख रहा हूँ
𑂡𑂲𑂩𑂵 𑂫𑂯 𑂐𑂩 𑂎𑂰 𑂩𑂯𑂰 𑂯𑂴𑂀,धीरे वह घर खा रहा हूँ
𑂍𑂪 𑂫𑂯 𑂎𑂰𑂢𑂰 𑂠𑂵𑂎 𑂩𑂯𑂰 𑂯𑂴𑂀,कल वह खाना देख रहा हूँ
𑂡𑂲𑂩𑂵 𑂮𑂲𑂞𑂰 𑂮𑂹𑂍𑂴𑂪 𑂠𑂵𑂎 𑂩𑂯𑂰 𑂯𑂴𑂀,धीरे सीता स्कूल देख रहा हूँ
𑂡𑂲𑂩𑂵 𑂮𑂲𑂞𑂰 𑂥𑂰𑂔𑂰𑂩 𑂠𑂵𑂎 𑂩𑂯𑂰 𑂯𑂴𑂀,धीरे सीता बाजार देख रहा हूँ
𑂃𑂦𑂲 𑂯𑂧 𑂍𑂱𑂞𑂰𑂥 𑂠𑂵𑂎 𑂩𑂯𑂰 𑂯𑂴𑂀,अभी हम किताब देख रहा हूँ
𑂔𑂪𑂹𑂠𑂲 𑂞𑂳𑂧 𑂮𑂹𑂍𑂴𑂪 𑂪𑂱𑂎 𑂩𑂯𑂰 𑂯𑂴𑂀,जल्दी तुम स्कूल लिख रहा हूँ
𑂄𑂔 𑂞𑂳𑂧 𑂮𑂹𑂍𑂴𑂪 𑂪𑂱𑂎 𑂩𑂯𑂰 𑂯𑂴𑂀,आज तुम स्कूल लिख रहा हूँ
𑂄𑂔 𑂞𑂳𑂧 𑂮𑂹𑂍𑂴𑂪 𑂣𑂜 𑂩𑂯𑂰 𑂯𑂴𑂀,आज तुम स्कूल पढ़ रहा हूँ
𑂔𑂪𑂹𑂠𑂲 𑂮𑂲𑂞𑂰 𑂮𑂹𑂍𑂴𑂪 𑂎𑂰 𑂩𑂯𑂰 𑂯𑂴𑂀,जल्दी सीता स्कूल खा रहा हूँ
𑂔𑂪𑂹𑂠𑂲 𑂩𑂰𑂧 𑂐𑂩 𑂎𑂰 𑂩𑂯𑂰 𑂯𑂴𑂀,जल्दी राम घर खा रहा हूँ
𑂡𑂲𑂩𑂵 𑂯𑂧 𑂮𑂹𑂍𑂴𑂪 𑂎𑂰 𑂩𑂯𑂰 𑂯𑂴𑂀,धीरे हम स्कूल खा रहा हूँ
𑂃𑂦𑂲 𑂯𑂧 𑂎𑂰𑂢𑂰 𑂎𑂰 𑂩𑂯𑂰 𑂯𑂴𑂀,अभी हम खाना खा रहा हूँ
𑂃𑂦𑂲 𑂩𑂰𑂧 𑂐𑂩 𑂎𑂰 𑂩𑂯𑂰 𑂯𑂴𑂀,अभी राम घर खा रहा हूँ
𑂔𑂪𑂹𑂠𑂲 𑂩𑂰𑂧 𑂍𑂱𑂞𑂰𑂥 𑂪𑂱𑂎 𑂩𑂯𑂰 𑂯𑂴𑂀,जल्दी राम किताब लिख रहा हूँ
𑂍𑂪 𑂫𑂯 𑂎𑂰𑂢𑂰 𑂪𑂱𑂎 𑂩𑂯𑂰 𑂯𑂴𑂀,कल वह खाना लिख रहा हूँ
𑂍𑂪 𑂯𑂧 𑂮𑂹𑂍𑂴𑂪 𑂪𑂱𑂎 𑂩𑂯𑂰 𑂯𑂴𑂀,कल हम स्कूल लिख रहा हूँ
𑂔𑂪𑂹𑂠𑂲 𑂧𑂶𑂁 𑂥𑂰𑂔𑂰𑂩 𑂎𑂰 𑂩𑂯𑂰 𑂯𑂴𑂀,जल्दी मैं बाजार खा रहा हूँ
𑂍𑂪 𑂞𑂳𑂧 𑂮𑂹𑂍𑂴𑂪 𑂪𑂱𑂎 𑂩𑂯𑂰 𑂯𑂴𑂀,कल तुम स्कूल लिख रहा हूँ
𑂔𑂪𑂹𑂠𑂲 𑂧𑂶𑂁 𑂎𑂰𑂢𑂰 𑂣𑂜 𑂩𑂯𑂰 𑂯𑂴𑂀,जल्दी मैं खाना पढ़ रहा हूँ
𑂄𑂔 𑂫𑂯 𑂥𑂰𑂔𑂰𑂩 𑂠𑂵𑂎 𑂩𑂯𑂰 𑂯𑂴𑂀,आज वह बाजार देख रहा हूँ
𑂃𑂦𑂲 𑂫𑂯 𑂥𑂰𑂔𑂰𑂩 𑂔𑂰 𑂩𑂯𑂰 𑂯𑂴𑂀,अभी वह बाजार जा रहा हूँ
𑂔𑂪𑂹𑂠𑂲 𑂞𑂳𑂧 𑂍𑂱𑂞𑂰𑂥 𑂔𑂰 𑂩𑂯𑂰 𑂯𑂴𑂀,जल्दी तुम किताब जा रहा हूँ
𑂃𑂦𑂲 𑂯𑂧 𑂎𑂰𑂢𑂰 𑂣𑂜 𑂩𑂯𑂰 𑂯𑂴𑂀,अभी हम खाना पढ़ रहा हूँ
𑂄𑂔 𑂩𑂰𑂧 𑂮𑂹𑂍𑂴𑂪 𑂪𑂱𑂎 𑂩𑂯𑂰 𑂯𑂴𑂀,आज राम स्कूल लिख रहा हूँ
𑂍𑂪 𑂮𑂲𑂞𑂰 𑂥𑂰𑂔𑂰𑂩 𑂠𑂵𑂎 𑂩𑂯𑂰 𑂯𑂴𑂀,कल सीता बाजार देख रहा हूँ
𑂍𑂪 𑂮𑂲𑂞𑂰 𑂐𑂩 𑂠𑂵𑂎 𑂩𑂯𑂰 𑂯𑂴𑂀,कल सीता घर देख रहा हूँ
𑂃𑂦𑂲 𑂫𑂯 𑂎𑂰𑂢𑂰 𑂎𑂰 𑂩𑂯𑂰 𑂯𑂴𑂀,अभी वह खाना खा रहा हूँ
𑂃𑂦𑂲 𑂫𑂯 𑂎𑂰𑂢𑂰 𑂎𑂰 𑂩𑂯𑂰 𑂯𑂴𑂀,अभी वह खाना खा रहा हूँ
𑂃𑂦𑂲 𑂩𑂰𑂧 𑂍𑂱𑂞𑂰𑂥 𑂠𑂵𑂎 𑂩𑂯𑂰 𑂯𑂴𑂀,अभी राम किताब देख रहा हूँ
𑂄𑂔 𑂮𑂲𑂞𑂰 𑂥𑂰𑂔𑂰𑂩 𑂪𑂱𑂎 𑂩𑂯𑂰 𑂯𑂴𑂀,आज सीता बाजार लिख रहा हूँ
𑂃𑂦𑂲 𑂩𑂰𑂧 𑂥𑂰𑂔𑂰𑂩 𑂣𑂜 𑂩𑂯𑂰 𑂯𑂴𑂀,अभी राम बाजार पढ़ रहा हूँ
𑂡𑂲𑂩𑂵 𑂯𑂧 𑂥𑂰𑂔𑂰𑂩 𑂎𑂰 𑂩𑂯𑂰 𑂯𑂴𑂀,धीरे हम बाजार खा रहा हूँ
𑂄𑂔 𑂞𑂳𑂧 𑂥𑂰𑂔𑂰𑂩 𑂪𑂱𑂎 𑂩𑂯𑂰 𑂯𑂴𑂀,आज तुम बाजार लिख रहा हूँ
𑂍𑂪 𑂯𑂧 𑂥𑂰𑂔𑂰𑂩 𑂔𑂰 𑂩𑂯𑂰 𑂯𑂴𑂀,कल हम बाजार जा रहा हूँ
𑂄𑂔 𑂞𑂳𑂧 𑂮𑂹𑂍𑂴𑂪 𑂠𑂵𑂎 𑂩𑂯𑂰 𑂯𑂴𑂀,आज तुम स्कूल देख रहा हूँ
𑂔𑂪𑂹𑂠𑂲 𑂮𑂲𑂞𑂰 𑂮𑂹𑂍𑂴𑂪 𑂠𑂵𑂎 𑂩𑂯𑂰 𑂯𑂴𑂀,जल्दी सीता स्कूल देख रहा हूँ
𑂃𑂦𑂲 𑂯𑂧 𑂍𑂱𑂞𑂰𑂥 𑂣𑂜 𑂩𑂯𑂰 𑂯𑂴𑂀,अभी हम किताब पढ़ रहा हूँ
𑂃𑂦𑂲 𑂫𑂯 𑂮𑂹𑂍𑂴𑂪 𑂠𑂵𑂎 𑂩𑂯𑂰 𑂯𑂴𑂀,अभी वह स्कूल देख रहा हूँ
𑂄𑂔 𑂫𑂯 𑂮𑂹𑂍𑂴𑂪 𑂠𑂵𑂎 𑂩𑂯𑂰 𑂯𑂴𑂀,आज वह स्कूल देख रहा हूँ
𑂍𑂪 𑂯𑂧 𑂎𑂰𑂢𑂰 𑂔𑂰 𑂩𑂯𑂰 𑂯𑂴𑂀,कल हम खाना जा रहा हूँ
𑂡𑂲𑂩𑂵 𑂩𑂰𑂧 𑂍𑂱𑂞𑂰𑂥 𑂪𑂱𑂎 𑂩𑂯𑂰 𑂯𑂴𑂀,धीरे राम किताब लिख रहा हूँ
𑂍𑂪 𑂯𑂧 𑂎𑂰𑂢𑂰 𑂎𑂰 𑂩𑂯𑂰 𑂯𑂴𑂀,कल हम खाना खा रहा हूँ
𑂡𑂲𑂩𑂵 𑂞𑂳𑂧 𑂐𑂩 𑂠𑂵𑂎 𑂩𑂯𑂰 𑂯𑂴𑂀,धीरे तुम घर देख रहा हूँ
𑂃𑂦𑂲 𑂞𑂳𑂧 𑂥𑂰𑂔𑂰𑂩 𑂠𑂵𑂎 𑂩𑂯𑂰 𑂯𑂴𑂀,अभी तुम बाजार देख रहा हूँ
𑂔𑂪𑂹𑂠𑂲 𑂩𑂰𑂧 𑂍𑂱𑂞𑂰𑂥 𑂔𑂰 𑂩𑂯𑂰 𑂯𑂴𑂀,जल्दी राम किताब जा रहा हूँ
𑂄𑂔 𑂮𑂲𑂞𑂰 𑂥𑂰𑂔𑂰𑂩 𑂎𑂰 𑂩𑂯𑂰 𑂯𑂴𑂀,आज सीता बाजार खा रहा हूँ
𑂃𑂦𑂲 𑂞𑂳𑂧 𑂐𑂩 𑂣𑂜 𑂩𑂯𑂰 𑂯𑂴𑂀,अभी तुम घर पढ़ रहा हूँ
𑂡𑂲𑂩𑂵 𑂧𑂶𑂁 𑂍𑂱𑂞𑂰𑂥 𑂠𑂵𑂎 𑂩𑂯𑂰 𑂯𑂴𑂀,धीरे मैं किताब देख रहा हूँ
𑂄𑂔 𑂩𑂰𑂧 𑂮𑂹𑂍𑂴𑂪 𑂎𑂰 𑂩𑂯𑂰 𑂯𑂴𑂀,आज राम स्कूल खा रहा हूँ
𑂍𑂪 𑂯𑂧 𑂥𑂰𑂔𑂰𑂩 𑂪𑂱𑂎 𑂩𑂯𑂰 𑂯𑂴𑂀,कल हम बाजार लिख रहा हूँ
𑂄𑂔 𑂞𑂳𑂧 𑂮𑂹𑂍𑂴𑂪 𑂔𑂰 𑂩𑂯𑂰 𑂯𑂴𑂀,आज तुम स्कूल जा रहा हूँ
𑂃𑂦𑂲 𑂞𑂳𑂧 𑂎𑂰𑂢𑂰 𑂪𑂱𑂎 𑂩𑂯𑂰 𑂯𑂴𑂀,अभी तुम खाना लिख रहा हूँ
𑂃𑂦𑂲 𑂩𑂰𑂧 𑂐𑂩 𑂣𑂜 𑂩𑂯𑂰 𑂯𑂴𑂀,अभी राम घर पढ़ रहा हूँ
𑂔𑂪𑂹𑂠𑂲 𑂯𑂧 𑂍𑂱𑂞𑂰𑂥 𑂪𑂱𑂎 𑂩𑂯𑂰 𑂯𑂴𑂀,जल्दी हम किताब लिख रहा हूँ
𑂄𑂔 𑂞𑂳𑂧 𑂎𑂰𑂢𑂰 𑂎𑂰 𑂩𑂯𑂰 𑂯𑂴𑂀,आज तुम खाना खा रहा हूँ
𑂍𑂪 𑂩𑂰𑂧 𑂥𑂰𑂔𑂰𑂩 𑂠𑂵𑂎 𑂩𑂯𑂰 𑂯𑂴𑂀,कल राम बाजार देख रहा हूँ
𑂄𑂔 𑂮𑂲𑂞𑂰 𑂍𑂱𑂞𑂰𑂥 𑂣𑂜 𑂩𑂯𑂰 𑂯𑂴𑂀,आज सीता किताब पढ़ रहा हूँ
𑂍𑂪 𑂯𑂧 𑂎𑂰𑂢𑂰 𑂎𑂰 𑂩𑂯𑂰 𑂯𑂴𑂀,कल हम खाना खा रहा हूँ
𑂄𑂔 𑂮𑂲𑂞𑂰 𑂎𑂰𑂢𑂰 𑂣𑂜 𑂩𑂯𑂰 𑂯𑂴𑂀,आज सीता खाना पढ़ रहा हूँ
𑂍𑂪 𑂩𑂰𑂧 𑂥𑂰𑂔𑂰𑂩 𑂠𑂵𑂎 𑂩𑂯𑂰 𑂯𑂴𑂀,कल राम बाजार देख रहा हूँ
𑂔𑂪𑂹𑂠𑂲 𑂞𑂳𑂧 𑂥𑂰𑂔𑂰𑂩 𑂣𑂜 𑂩𑂯𑂰 𑂯𑂴𑂀,जल्दी तुम बाजार पढ़ रहा हूँ
𑂃𑂦𑂲 𑂫𑂯 𑂮𑂹𑂍𑂴𑂪 𑂣𑂜 𑂩𑂯𑂰 𑂯𑂴𑂀,अभी वह स्कूल पढ़ रहा हूँ
𑂃𑂦𑂲 𑂩𑂰𑂧 𑂐𑂩 𑂎𑂰 𑂩𑂯𑂰 𑂯𑂴𑂀,अभी राम घर खा रहा हूँ
𑂃𑂦𑂲 𑂞𑂳𑂧 𑂍𑂱𑂞𑂰𑂥 𑂠𑂵𑂎 𑂩𑂯𑂰 𑂯𑂴𑂀,अभी तुम किताब देख रहा हूँ
𑂍𑂪 𑂧𑂶𑂁 𑂍𑂱𑂞𑂰𑂥 𑂎𑂰 𑂩𑂯𑂰 𑂯𑂴𑂀,कल मैं किताब खा रहा हूँ
𑂔𑂪𑂹𑂠𑂲 𑂩𑂰𑂧 𑂎𑂰𑂢𑂰 𑂔𑂰 𑂩𑂯𑂰 𑂯𑂴𑂀,जल्दी राम खाना जा रहा हूँ
𑂡𑂲𑂩𑂵 𑂞𑂳𑂧 𑂮𑂹𑂍𑂴𑂪 𑂔𑂰 𑂩𑂯𑂰 𑂯𑂴𑂀,धीरे तुम स्कूल जा रहा हूँ
𑂍𑂪 𑂯𑂧 𑂎𑂰𑂢𑂰 𑂣𑂜 𑂩𑂯𑂰 𑂯𑂴𑂀,कल हम खाना पढ़ रहा हूँ
𑂍𑂪 𑂮𑂲𑂞𑂰 𑂐𑂩 𑂪𑂱𑂎 𑂩𑂯𑂰 𑂯𑂴𑂀,कल सीता घर लिख रहा हूँ
𑂍𑂪 𑂫𑂯 𑂎𑂰𑂢𑂰 𑂣𑂜 𑂩𑂯𑂰 𑂯𑂴𑂀,कल वह खाना पढ़ रहा हूँ
𑂄𑂔 𑂩𑂰𑂧 𑂮𑂹𑂍𑂴𑂪 𑂎𑂰 𑂩𑂯𑂰 𑂯𑂴𑂀,आज राम स्कूल खा रहा हूँ
𑂃𑂦𑂲 𑂯𑂧 𑂥𑂰𑂔𑂰𑂩 𑂪𑂱𑂎 𑂩𑂯𑂰 𑂯𑂴𑂀,अभी हम बाजार लिख रहा हूँ
𑂃𑂦𑂲 𑂧𑂶𑂁 𑂎𑂰𑂢𑂰 𑂔𑂰 𑂩𑂯𑂰 𑂯𑂴𑂀,अभी मैं खाना जा रहा हूँ
𑂔𑂪𑂹𑂠𑂲 𑂧𑂶𑂁 𑂎𑂰𑂢𑂰 𑂎𑂰 𑂩𑂯𑂰 𑂯𑂴𑂀,जल्दी मैं खाना खा रहा हूँ
𑂔𑂪𑂹𑂠𑂲 𑂮𑂲𑂞𑂰 𑂐𑂩 𑂣𑂜 𑂩𑂯𑂰 𑂯𑂴𑂀,जल्दी सीता घर पढ़ रहा हूँ
𑂔𑂪𑂹𑂠𑂲 𑂩𑂰𑂧 𑂐𑂩 𑂎𑂰 𑂩𑂯𑂰 𑂯𑂴𑂀,जल्दी राम घर खा रहा हूँ
𑂡𑂲𑂩𑂵 𑂯𑂧 𑂥𑂰𑂔𑂰𑂩 𑂎𑂰 𑂩𑂯𑂰 𑂯𑂴𑂀,धीरे हम बाजार खा रहा हूँ
𑂍𑂪 𑂫𑂯 𑂮𑂹𑂍𑂴𑂪 𑂪𑂱𑂎 𑂩𑂯𑂰 𑂯𑂴𑂀,कल वह स्कूल लिख रहा हूँ
𑂔𑂪𑂹𑂠𑂲 𑂧𑂶𑂁 𑂥𑂰𑂔𑂰𑂩 𑂪𑂱𑂎 𑂩𑂯𑂰 𑂯𑂴𑂀,जल्दी मैं बाजार लिख रहा हूँ
𑂃𑂦𑂲 𑂫𑂯 𑂎𑂰𑂢𑂰 𑂣𑂜 𑂩𑂯𑂰 𑂯𑂴𑂀,अभी वह खाना पढ़ रहा हूँ
𑂔𑂪𑂹𑂠𑂲 𑂫𑂯 𑂍𑂱𑂞𑂰𑂥 𑂠𑂵𑂎 𑂩𑂯𑂰 𑂯𑂴𑂀,जल्दी वह किताब देख रहा हूँ
𑂃𑂦𑂲 𑂞𑂳𑂧 𑂐𑂩 𑂣𑂜 𑂩𑂯𑂰 𑂯𑂴𑂀,अभी तुम घर पढ़ रहा हूँ
𑂍𑂪 𑂫𑂯 𑂮𑂹𑂍𑂴𑂪 𑂔𑂰 𑂩𑂯𑂰 𑂯𑂴𑂀,कल वह स्कूल जा रहा हूँ
𑂄𑂔 𑂯𑂧 𑂐𑂩 𑂎𑂰 𑂩𑂯𑂰 𑂯𑂴𑂀,आज हम घर खा रहा हूँ
𑂔𑂪𑂹𑂠𑂲 𑂞𑂳𑂧 𑂐𑂩 𑂪𑂱𑂎 𑂩𑂯𑂰 𑂯𑂴𑂀,जल्दी तुम घर लिख रहा हूँ
𑂡𑂲𑂩𑂵 𑂩𑂰𑂧 𑂮𑂹𑂍𑂴𑂪 𑂣𑂜 𑂩𑂯𑂰 𑂯𑂴𑂀,धीरे राम स्कूल पढ़ रहा हूँ
𑂃𑂦𑂲 𑂧𑂶𑂁 𑂮𑂹𑂍𑂴𑂪 𑂪𑂱𑂎 𑂩𑂯𑂰 𑂯𑂴𑂀,अभी मैं स्कूल लिख रहा हूँ
𑂄𑂔 𑂯𑂧 𑂍𑂱𑂞𑂰𑂥 𑂠𑂵𑂎 𑂩𑂯𑂰 𑂯𑂴𑂀,आज हम किताब देख रहा हूँ
𑂍𑂪 𑂞𑂳𑂧 𑂍𑂱𑂞𑂰𑂥 𑂣𑂜 𑂩𑂯𑂰 𑂯𑂴𑂀,कल तुम किताब पढ़ रहा हूँ
𑂡𑂲𑂩𑂵 𑂮𑂲𑂞𑂰 𑂐𑂩 𑂪𑂱𑂎 𑂩𑂯𑂰 𑂯𑂴𑂀,धीरे सीता घर लिख रहा हूँ
𑂔𑂪𑂹𑂠𑂲 𑂮𑂲𑂞𑂰 𑂎𑂰𑂢𑂰 𑂠𑂵𑂎 𑂩𑂯𑂰 𑂯𑂴𑂀,जल्दी सीता खाना देख रहा हूँ
𑂡𑂲𑂩𑂵 𑂮𑂲𑂞𑂰 𑂮𑂹𑂍𑂴𑂪 𑂔𑂰 𑂩𑂯𑂰 𑂯𑂴𑂀,धीरे सीता स्कूल जा रहा हूँ
𑂔𑂪𑂹𑂠𑂲 𑂮𑂲𑂞𑂰 𑂐𑂩 𑂪𑂱𑂎 𑂩𑂯𑂰 𑂯𑂴𑂀,जल्दी सीता घर लिख रहा हूँ
𑂍𑂪 𑂫𑂯 𑂎𑂰𑂢𑂰 𑂪𑂱𑂎 𑂩𑂯𑂰 𑂯𑂴𑂀,कल वह खाना लिख रहा हूँ
𑂔𑂪𑂹𑂠𑂲 𑂮𑂲𑂞𑂰 𑂍𑂱𑂞𑂰𑂥 𑂎𑂰 𑂩𑂯𑂰 𑂯𑂴𑂀,जल्दी सीता किताब खा रहा हूँ
𑂃𑂦𑂲 𑂩𑂰𑂧 𑂮𑂹𑂍𑂴𑂪 𑂔𑂰 𑂩𑂯𑂰 𑂯𑂴𑂀,अभी राम स्कूल जा रहा हूँ
𑂃𑂦𑂲 𑂯𑂧 𑂎𑂰𑂢𑂰 𑂣𑂜 𑂩𑂯𑂰 𑂯𑂴𑂀,अभी हम खाना पढ़ रहा हूँ
𑂍𑂪 𑂞𑂳𑂧 𑂐𑂩 𑂔𑂰 𑂩𑂯𑂰 𑂯𑂴𑂀,कल तुम घर जा रहा हूँ
𑂍𑂪 𑂮𑂲𑂞𑂰 𑂮𑂹𑂍𑂴𑂪 𑂣𑂜 𑂩𑂯𑂰 𑂯𑂴𑂀,कल सीता स्कूल पढ़ रहा हूँ
𑂍𑂪 𑂩𑂰𑂧 𑂮𑂹𑂍𑂴𑂪 𑂎𑂰 𑂩𑂯𑂰 𑂯𑂴𑂀,कल राम स्कूल खा रहा हूँ
𑂍𑂪 𑂧𑂶𑂁 𑂎𑂰𑂢𑂰 𑂠𑂵𑂎 𑂩𑂯𑂰 𑂯𑂴𑂀,कल मैं खाना देख रहा हूँ
𑂡𑂲𑂩𑂵 𑂫𑂯 𑂮𑂹𑂍𑂴𑂪 𑂎𑂰 𑂩𑂯𑂰 𑂯𑂴𑂀,धीरे वह स्कूल खा रहा हूँ
𑂔𑂪𑂹𑂠𑂲 𑂮𑂲𑂞𑂰 𑂥𑂰𑂔𑂰𑂩 𑂠𑂵𑂎 𑂩𑂯𑂰 𑂯𑂴𑂀,जल्दी सीता बाजार देख रहा हूँ
𑂡𑂲𑂩𑂵 𑂫𑂯 𑂍𑂱𑂞𑂰𑂥 𑂎𑂰 𑂩𑂯𑂰 𑂯𑂴𑂀,धीरे वह किताब खा रहा हूँ
𑂍𑂪 𑂯𑂧 𑂎𑂰𑂢𑂰 𑂎𑂰 𑂩𑂯𑂰 𑂯𑂴𑂀,कल हम खाना खा रहा हूँ
𑂍𑂪 𑂩𑂰𑂧 𑂎𑂰𑂢𑂰 𑂣𑂜 𑂩𑂯𑂰 𑂯𑂴𑂀,कल राम खाना पढ़ रहा हूँ
𑂍𑂪 𑂫𑂯 𑂥𑂰𑂔𑂰𑂩 𑂔𑂰 𑂩𑂯𑂰 𑂯𑂴𑂀,कल वह बाजार जा रहा हूँ
𑂄𑂔 𑂧𑂶𑂁 𑂥𑂰𑂔𑂰𑂩 𑂎𑂰 𑂩𑂯𑂰 𑂯𑂴𑂀,आज मैं बाजार खा रहा हूँ
𑂃𑂦𑂲 𑂯𑂧 𑂐𑂩 𑂠𑂵𑂎 𑂩𑂯𑂰 𑂯𑂴𑂀,अभी हम घर देख रहा हूँ
𑂍𑂪 𑂯𑂧 𑂥𑂰𑂔𑂰𑂩 𑂣𑂜 𑂩𑂯𑂰 𑂯𑂴𑂀,कल हम बाजार पढ़ रहा हूँ
𑂡𑂲𑂩𑂵 𑂮𑂲𑂞𑂰 𑂍𑂱𑂞𑂰𑂥 𑂔𑂰 𑂩𑂯𑂰 𑂯𑂴𑂀,धीरे सीता किताब जा रहा हूँ
𑂄𑂔 𑂧𑂶𑂁 𑂥𑂰𑂔𑂰𑂩 𑂎𑂰 𑂩𑂯𑂰 𑂯𑂴𑂀,आज मैं बाजार खा रहा हूँ
𑂃𑂦𑂲 𑂩𑂰𑂧 𑂥𑂰𑂔𑂰𑂩 𑂠𑂵𑂎 𑂩𑂯𑂰 𑂯𑂴𑂀,अभी राम बाजार देख रहा हूँ
𑂔𑂪𑂹𑂠𑂲 𑂫𑂯 𑂍𑂱𑂞𑂰𑂥 𑂎𑂰 𑂩𑂯𑂰 𑂯𑂴𑂀,जल्दी वह किताब खा रहा हूँ
𑂄𑂔 𑂞𑂳𑂧 𑂐𑂩 𑂔𑂰 𑂩𑂯𑂰 𑂯𑂴𑂀,आज तुम घर जा रहा हूँ
𑂄𑂔 𑂩𑂰𑂧 𑂎𑂰𑂢𑂰 𑂔𑂰 𑂩𑂯𑂰 𑂯𑂴𑂀,आज राम खाना जा रहा हूँ
𑂔𑂪𑂹𑂠𑂲 𑂩𑂰𑂧 𑂎𑂰𑂢𑂰 𑂔𑂰 𑂩𑂯𑂰 𑂯𑂴𑂀,जल्दी राम खाना जा रहा हूँ
𑂡𑂲𑂩𑂵 𑂮𑂲𑂞𑂰 𑂎𑂰𑂢𑂰 𑂪𑂱𑂎 𑂩𑂯𑂰 𑂯𑂴𑂀,धीरे सीता खाना लिख रहा हूँ
𑂡𑂲𑂩𑂵 𑂩𑂰𑂧 𑂮𑂹𑂍𑂴𑂪 𑂎𑂰 𑂩𑂯𑂰 𑂯𑂴𑂀,धीरे राम स्कूल खा रहा हूँ
𑂃𑂦𑂲 𑂫𑂯 𑂮𑂹𑂍𑂴𑂪 𑂎𑂰 𑂩𑂯𑂰 𑂯𑂴𑂀,अभी वह स्कूल खा रहा हूँ
𑂄𑂔 𑂧𑂶𑂁 𑂍𑂱𑂞𑂰𑂥 𑂣𑂜 𑂩𑂯𑂰 𑂯𑂴𑂀,आज मैं किताब पढ़ रहा हूँ
𑂄𑂔 𑂯𑂧 𑂥𑂰𑂔𑂰𑂩 𑂔𑂰 𑂩𑂯𑂰 𑂯𑂴𑂀,आज हम बाजार जा रहा हूँ
𑂄𑂔 𑂮𑂲𑂞𑂰 𑂮𑂹𑂍𑂴𑂪 𑂔𑂰 𑂩𑂯𑂰 𑂯𑂴𑂀,आज सीता स्कूल जा रहा हूँ
𑂡𑂲𑂩𑂵 𑂧𑂶𑂁 𑂍𑂱𑂞𑂰𑂥 𑂎𑂰 𑂩𑂯𑂰 𑂯𑂴𑂀,धीरे मैं किताब खा रहा हूँ
𑂡𑂲𑂩𑂵 𑂩𑂰𑂧 𑂍𑂱𑂞𑂰𑂥 𑂪𑂱𑂎 𑂩𑂯𑂰 𑂯𑂴𑂀,धीरे राम किताब लिख रहा हूँ
𑂍𑂪 𑂞𑂳𑂧 𑂐𑂩 𑂎𑂰 𑂩𑂯𑂰 𑂯𑂴𑂀,कल तुम घर खा रहा हूँ
𑂃𑂦𑂲 𑂩𑂰𑂧 𑂥𑂰𑂔𑂰𑂩 𑂣𑂜 𑂩𑂯𑂰 𑂯𑂴𑂀,अभी राम बाजार पढ़ रहा हूँ
𑂍𑂪 𑂮𑂲𑂞𑂰 𑂐𑂩 𑂔𑂰 𑂩𑂯𑂰 𑂯𑂴𑂀,कल सीता घर जा रहा हूँ
𑂔𑂪𑂹𑂠𑂲 𑂧𑂶𑂁 𑂍𑂱𑂞𑂰𑂥 𑂔𑂰 𑂩𑂯𑂰 𑂯𑂴𑂀,जल्दी मैं किताब जा रहा हूँ
𑂄𑂔 𑂯𑂧 𑂮𑂹𑂍𑂴𑂪 𑂣𑂜 𑂩𑂯𑂰 𑂯𑂴𑂀,आज हम स्कूल पढ़ रहा हूँ
𑂍𑂪 𑂮𑂲𑂞𑂰 𑂐𑂩 𑂪𑂱𑂎 𑂩𑂯𑂰 𑂯𑂴𑂀,कल सीता घर लिख रहा हूँ
𑂃𑂦𑂲 𑂮𑂲𑂞𑂰 𑂮𑂹𑂍𑂴𑂪 𑂣𑂜 𑂩𑂯𑂰 𑂯𑂴𑂀,अभी सीता स्कूल पढ़ रहा हूँ
𑂍𑂪 𑂯𑂧 𑂥𑂰𑂔𑂰𑂩 𑂠𑂵𑂎 𑂩𑂯𑂰 𑂯𑂴𑂀,कल हम बाजार देख रहा हूँ
𑂄𑂔 𑂩𑂰𑂧 𑂍𑂱𑂞𑂰𑂥 𑂠𑂵𑂎 𑂩𑂯𑂰 𑂯𑂴𑂀,आज राम किताब देख रहा हूँ
𑂔𑂪𑂹𑂠𑂲 𑂯𑂧 𑂮𑂹𑂍𑂴𑂪 𑂪𑂱𑂎 𑂩𑂯𑂰 𑂯𑂴𑂀,जल्दी हम स्कूल लिख रहा हूँ
𑂄𑂔 𑂮𑂲𑂞𑂰 𑂍𑂱𑂞𑂰𑂥 𑂔𑂰 𑂩𑂯𑂰 𑂯𑂴𑂀,आज सीता किताब जा रहा हूँ
𑂃𑂦𑂲 𑂧𑂶𑂁 𑂮𑂹𑂍𑂴𑂪 𑂪𑂱𑂎 𑂩𑂯𑂰 𑂯𑂴𑂀,अभी मैं स्कूल लिख रहा हूँ
𑂍𑂪 𑂯𑂧 𑂮𑂹𑂍𑂴𑂪 𑂪𑂱𑂎 𑂩𑂯𑂰 𑂯𑂴𑂀,कल हम स्कूल लिख रहा हूँ
𑂔𑂪𑂹𑂠𑂲 𑂮𑂲𑂞𑂰 𑂐𑂩 𑂣𑂜 𑂩𑂯𑂰 𑂯𑂴𑂀,जल्दी सीता घर पढ़ रहा हूँ
𑂡𑂲𑂩𑂵 𑂩𑂰𑂧 𑂐𑂩 𑂪𑂱𑂎 𑂩𑂯𑂰 𑂯𑂴𑂀,धीरे राम घर लिख रहा हूँ
𑂃𑂦𑂲 𑂩𑂰𑂧 𑂎𑂰𑂢𑂰 𑂔𑂰 𑂩𑂯𑂰 𑂯𑂴𑂀,अभी राम खाना जा रहा हूँ
𑂍𑂪 𑂞𑂳𑂧 𑂎𑂰𑂢𑂰 𑂔𑂰 𑂩𑂯𑂰 𑂯𑂴𑂀,कल तुम खाना जा रहा हूँ
𑂄𑂔 𑂯𑂧 𑂐𑂩 𑂠𑂵𑂎 𑂩𑂯𑂰 𑂯𑂴𑂀,आज हम घर देख रहा हूँ
𑂍𑂪 𑂫𑂯 𑂮𑂹𑂍𑂴𑂪 𑂎𑂰 𑂩𑂯𑂰 𑂯𑂴𑂀,कल वह स्कूल खा रहा हूँ
𑂄𑂔 𑂯𑂧 𑂎𑂰𑂢𑂰 𑂣𑂜 𑂩𑂯𑂰 𑂯𑂴𑂀,आज हम खाना पढ़ रहा हूँ
𑂔𑂪𑂹𑂠𑂲 𑂩𑂰𑂧 𑂮𑂹𑂍𑂴𑂪 𑂔𑂰 𑂩𑂯𑂰 𑂯𑂴𑂀,जल्दी राम स्कूल जा रहा हूँ
𑂄𑂔 𑂫𑂯 𑂥𑂰𑂔𑂰𑂩 𑂪𑂱𑂎 𑂩𑂯𑂰 𑂯𑂴𑂀,आज वह बाजार लिख रहा हूँ
𑂍𑂪 𑂩𑂰𑂧 𑂎𑂰𑂢𑂰 𑂣𑂜 𑂩𑂯𑂰 𑂯𑂴𑂀,कल राम खाना पढ़ रहा हूँ
𑂍𑂪 𑂩𑂰𑂧 𑂥𑂰𑂔𑂰𑂩 𑂠𑂵𑂎 𑂩𑂯𑂰 𑂯𑂴𑂀,कल राम बाजार देख रहा हूँ
𑂍𑂪 𑂞𑂳𑂧 𑂥𑂰𑂔𑂰𑂩 𑂠𑂵𑂎 𑂩𑂯𑂰 𑂯𑂴𑂀,कल तुम बाजार देख रहा हूँ
𑂃𑂦𑂲 𑂫𑂯 𑂍𑂱𑂞𑂰𑂥 𑂠𑂵𑂎 𑂩𑂯𑂰 𑂯𑂴𑂀,अभी वह किताब देख रहा हूँ
𑂄𑂔 𑂧𑂶𑂁 𑂍𑂱𑂞𑂰𑂥 𑂎𑂰 𑂩𑂯𑂰 𑂯𑂴𑂀,आज मैं किताब खा रहा हूँ
𑂡𑂲𑂩𑂵 𑂧𑂶𑂁 𑂥𑂰𑂔𑂰𑂩 𑂔𑂰 𑂩𑂯𑂰 𑂯𑂴𑂀,धीरे मैं बाजार जा रहा हूँ
𑂄𑂔 𑂩𑂰𑂧 𑂮𑂹𑂍𑂴𑂪 𑂔𑂰 𑂩𑂯𑂰 𑂯𑂴𑂀,आज राम स्कूल जा रहा हूँ
𑂄𑂔 𑂫𑂯 𑂮𑂹𑂍𑂴𑂪 𑂣𑂜 𑂩𑂯𑂰 𑂯𑂴𑂀,आज वह स्कूल पढ़ रहा हूँ
𑂡𑂲𑂩𑂵 𑂩𑂰𑂧 𑂎𑂰𑂢𑂰 𑂪𑂱𑂎 𑂩𑂯𑂰 𑂯𑂴𑂀,धीरे राम खाना लिख रहा हूँ
𑂍𑂪 𑂧𑂶𑂁 𑂥𑂰𑂔𑂰𑂩 𑂪𑂱𑂎 𑂩𑂯𑂰 𑂯𑂴𑂀,कल मैं बाजार लिख रहा हूँ
𑂃𑂦𑂲 𑂧𑂶𑂁 𑂥𑂰𑂔𑂰𑂩 𑂣𑂜 𑂩𑂯𑂰 𑂯𑂴𑂀,अभी मैं बाजार पढ़ रहा हूँ
𑂍𑂪 𑂯𑂧 𑂍𑂱𑂞𑂰𑂥 𑂣𑂜 𑂩𑂯𑂰 𑂯𑂴𑂀,कल हम किताब पढ़ रहा हूँ
𑂡𑂲𑂩𑂵 𑂮𑂲𑂞𑂰 𑂎𑂰𑂢𑂰 𑂔𑂰 𑂩𑂯𑂰 𑂯𑂴𑂀,धीरे सीता खाना जा रहा हूँ
𑂡𑂲𑂩𑂵 𑂮𑂲𑂞𑂰 𑂐𑂩 𑂪𑂱𑂎 𑂩𑂯𑂰 𑂯𑂴𑂀,धीरे सीता घर लिख रहा हूँ
𑂄𑂔 𑂧𑂶𑂁 𑂥𑂰𑂔𑂰𑂩 𑂠𑂵𑂎 𑂩𑂯𑂰 𑂯𑂴𑂀,आज मैं बाजार देख रहा हूँ
𑂔𑂪𑂹𑂠𑂲 𑂧𑂶𑂁 𑂐𑂩 𑂠𑂵𑂎 𑂩𑂯𑂰 𑂯𑂴𑂀,जल्दी मैं घर देख रहा हूँ
𑂡𑂲𑂩𑂵 𑂮𑂲𑂞𑂰 𑂎𑂰𑂢𑂰 𑂎𑂰 𑂩𑂯𑂰 𑂯𑂴𑂀,धीरे सीता खाना खा रहा हूँ
𑂔𑂪𑂹𑂠𑂲 𑂞𑂳𑂧 𑂮𑂹𑂍𑂴𑂪 𑂔𑂰 𑂩𑂯𑂰 𑂯𑂴𑂀,जल्दी तुम स्कूल जा रहा हूँ
𑂄𑂔 𑂫𑂯 𑂐𑂩 𑂪𑂱𑂎 𑂩𑂯𑂰 𑂯𑂴𑂀,आज वह घर लिख रहा हूँ
𑂔𑂪𑂹𑂠𑂲 𑂞𑂳𑂧 𑂎𑂰𑂢𑂰 𑂣𑂜 𑂩𑂯𑂰 𑂯𑂴𑂀,जल्दी तुम खाना पढ़ रहा हूँ
𑂄𑂔 𑂧𑂶𑂁 𑂍𑂱𑂞𑂰𑂥 𑂎𑂰 𑂩𑂯𑂰 𑂯𑂴𑂀,आज मैं किताब खा रहा हूँ
𑂍𑂪 𑂞𑂳𑂧 𑂍𑂱𑂞𑂰𑂥 𑂎𑂰 𑂩𑂯𑂰 𑂯𑂴𑂀,कल तुम किताब खा रहा हूँ
𑂡𑂲𑂩𑂵 𑂯𑂧 𑂥𑂰𑂔𑂰𑂩 𑂪𑂱𑂎 𑂩𑂯𑂰 𑂯𑂴𑂀,धीरे हम बाजार लिख रहा हूँ
𑂔𑂪𑂹𑂠𑂲 𑂫𑂯 𑂎𑂰𑂢𑂰 𑂪𑂱𑂎 𑂩𑂯𑂰 𑂯𑂴𑂀,जल्दी वह खाना लिख रहा हूँ
𑂔𑂪𑂹𑂠𑂲 𑂫𑂯 𑂮𑂹𑂍𑂴𑂪 𑂪𑂱𑂎 𑂩𑂯𑂰 𑂯𑂴𑂀,जल्दी वह स्कूल लिख रहा हूँ
𑂡𑂲𑂩𑂵 𑂯𑂧 𑂎𑂰𑂢𑂰 𑂪𑂱𑂎 𑂩𑂯𑂰 𑂯𑂴𑂀,धीरे हम खाना लिख रहा हूँ
𑂃𑂦𑂲 𑂫𑂯 𑂥𑂰𑂔𑂰𑂩 𑂎𑂰 𑂩𑂯𑂰 𑂯𑂴𑂀,अभी वह बाजार खा रहा हूँ
𑂃𑂦𑂲 𑂫𑂯 𑂮𑂹𑂍𑂴𑂪 𑂣𑂜 𑂩𑂯𑂰 𑂯𑂴𑂀,अभी वह स्कूल पढ़ रहा हूँ
𑂍𑂪 𑂧𑂶𑂁 𑂐𑂩 𑂪𑂱𑂎 𑂩𑂯𑂰 𑂯𑂴𑂀,कल मैं घर लिख रहा हूँ
𑂍𑂪 𑂧𑂶𑂁 𑂥𑂰𑂔𑂰𑂩 𑂠𑂵𑂎 𑂩𑂯𑂰 𑂯𑂴𑂀,कल मैं बाजार देख रहा हूँ
𑂃𑂦𑂲 𑂩𑂰𑂧 𑂐𑂩 𑂔𑂰 𑂩𑂯𑂰 𑂯𑂴𑂀,अभी राम घर जा रहा हूँ
𑂃𑂦𑂲 𑂮𑂲𑂞𑂰 𑂎𑂰𑂢𑂰 𑂠𑂵𑂎 𑂩𑂯𑂰 𑂯𑂴𑂀,अभी सीता खाना देख रहा हूँ
𑂔𑂪𑂹𑂠𑂲 𑂮𑂲𑂞𑂰 𑂎𑂰𑂢𑂰 𑂪𑂱𑂎 𑂩𑂯𑂰 𑂯𑂴𑂀,जल्दी सीता खाना लिख रहा हूँ
𑂍𑂪 𑂫𑂯 𑂥𑂰𑂔𑂰𑂩 𑂣𑂜 𑂩𑂯𑂰 𑂯𑂴𑂀,कल वह बाजार पढ़ रहा हूँ
𑂡𑂲𑂩𑂵 𑂧𑂶𑂁 𑂐𑂩 𑂎𑂰 𑂩𑂯𑂰 𑂯𑂴𑂀,धीरे मैं घर खा रहा हूँ
𑂍𑂪 𑂫𑂯 𑂮𑂹𑂍𑂴𑂪 𑂔𑂰 𑂩𑂯𑂰 𑂯𑂴𑂀,कल वह स्कूल जा रहा हूँ
𑂡𑂲𑂩𑂵 𑂫𑂯 𑂐𑂩 𑂔𑂰 𑂩𑂯𑂰 𑂯𑂴𑂀,धीरे वह घर जा रहा हूँ
𑂄𑂔 𑂮𑂲𑂞𑂰 𑂍𑂱𑂞𑂰𑂥 𑂎𑂰 𑂩𑂯𑂰 𑂯𑂴𑂀,आज सीता किताब खा रहा हूँ
𑂄𑂔 𑂩𑂰𑂧 𑂎𑂰𑂢𑂰 𑂣𑂜 𑂩𑂯𑂰 𑂯𑂴𑂀,आज राम खाना पढ़ रहा हूँ
𑂄𑂔 𑂮𑂲𑂞𑂰 𑂮𑂹𑂍𑂴𑂪 𑂣𑂜 𑂩𑂯𑂰 𑂯𑂴𑂀,आज सीता स्कूल पढ़ रहा हूँ
𑂔𑂪𑂹𑂠𑂲 𑂩𑂰𑂧 𑂎𑂰𑂢𑂰 𑂎𑂰 𑂩𑂯𑂰 𑂯𑂴𑂀,जल्दी राम खाना खा रहा हूँ
𑂡𑂲𑂩𑂵 𑂫𑂯 𑂥𑂰𑂔𑂰𑂩 𑂠𑂵𑂎 𑂩𑂯𑂰 𑂯𑂴𑂀,धीरे वह बाजार देख रहा हूँ
𑂃𑂦𑂲 𑂞𑂳𑂧 𑂐𑂩 𑂠𑂵𑂎 𑂩𑂯𑂰 𑂯𑂴𑂀,अभी तुम घर देख रहा हूँ
𑂄𑂔 𑂯𑂧 𑂐𑂩 𑂎𑂰 𑂩𑂯𑂰 𑂯𑂴𑂀,आज हम घर खा रहा हूँ
𑂔𑂪𑂹𑂠𑂲 𑂫𑂯 𑂎𑂰𑂢𑂰 𑂠𑂵𑂎 𑂩𑂯𑂰 𑂯𑂴𑂀,जल्दी वह खाना देख रहा हूँ
𑂔𑂪𑂹𑂠𑂲 𑂫𑂯 𑂮𑂹𑂍𑂴𑂪 𑂎𑂰 𑂩𑂯𑂰 𑂯𑂴𑂀,जल्दी वह स्कूल खा रहा हूँ
𑂄𑂔 𑂮𑂲𑂞𑂰 𑂍𑂱𑂞𑂰𑂥 𑂎𑂰 𑂩𑂯𑂰 𑂯𑂴𑂀,आज सीता किताब खा रहा हूँ
𑂔𑂪𑂹𑂠𑂲 𑂮𑂲𑂞𑂰 𑂍𑂱𑂞𑂰𑂥 𑂠𑂵𑂎 𑂩𑂯𑂰 𑂯𑂴𑂀,जल्दी सीता किताब देख रहा हूँ
𑂍𑂪 𑂩𑂰𑂧 𑂮𑂹𑂍𑂴𑂪 𑂠𑂵𑂎 𑂩𑂯𑂰 𑂯𑂴𑂀,कल राम स्कूल देख रहा हूँ
𑂃𑂦𑂲 𑂯𑂧 𑂎𑂰𑂢𑂰 𑂪𑂱𑂎 𑂩𑂯𑂰 𑂯𑂴𑂀,अभी हम खाना लिख रहा हूँ
𑂄𑂔 𑂧𑂶𑂁 𑂐𑂩 𑂎𑂰 𑂩𑂯𑂰 𑂯𑂴𑂀,आज मैं घर खा रहा हूँ
𑂄𑂔 𑂧𑂶𑂁 𑂍𑂱𑂞𑂰𑂥 𑂎𑂰 𑂩𑂯𑂰 𑂯𑂴𑂀,आज मैं किताब खा रहा हूँ
𑂔𑂪𑂹𑂠𑂲 𑂩𑂰𑂧 𑂮𑂹𑂍𑂴𑂪 𑂔𑂰 𑂩𑂯𑂰 𑂯𑂴𑂀,जल्दी राम स्कूल जा रहा हूँ
𑂃𑂦𑂲 𑂯𑂧 𑂮𑂹𑂍𑂴𑂪 𑂠𑂵𑂎 𑂩𑂯𑂰 𑂯𑂴𑂀,अभी हम स्कूल देख रहा हूँ
𑂃𑂦𑂲 𑂮𑂲𑂞𑂰 𑂎𑂰𑂢𑂰 𑂔𑂰 𑂩𑂯𑂰 𑂯𑂴𑂀,अभी सीता खाना जा रहा हूँ
𑂔𑂪𑂹𑂠𑂲 𑂩𑂰𑂧 𑂎𑂰𑂢𑂰 𑂣𑂜 𑂩𑂯𑂰 𑂯𑂴𑂀,जल्दी राम खाना पढ़ रहा हूँ
𑂡𑂲𑂩𑂵 𑂫𑂯 𑂥𑂰𑂔𑂰𑂩 𑂠𑂵𑂎 𑂩𑂯𑂰 𑂯𑂴𑂀,धीरे वह बाजार देख रहा हूँ
𑂍𑂪 𑂫𑂯 𑂎𑂰𑂢𑂰 𑂪𑂱𑂎 𑂩𑂯𑂰 𑂯𑂴𑂀,कल वह खाना लिख रहा हूँ
𑂄𑂔 𑂫𑂯 𑂍𑂱𑂞𑂰𑂥 𑂣𑂜 𑂩𑂯𑂰 𑂯𑂴𑂀,आज वह किताब पढ़ रहा हूँ
𑂄𑂔 𑂧𑂶𑂁 𑂥𑂰𑂔𑂰𑂩 𑂔𑂰 𑂩𑂯𑂰 𑂯𑂴𑂀,आज मैं बाजार जा रहा हूँ
𑂡𑂲𑂩𑂵 𑂩𑂰𑂧 𑂍𑂱𑂞𑂰𑂥 𑂎𑂰 𑂩𑂯𑂰 𑂯𑂴𑂀,धीरे राम किताब खा रहा हूँ
𑂃𑂦𑂲 𑂮𑂲𑂞𑂰 𑂎𑂰𑂢𑂰 𑂣𑂜 𑂩𑂯𑂰 𑂯𑂴𑂀,अभी सीता खाना पढ़ रहा हूँ
𑂃𑂦𑂲 𑂯𑂧 𑂥𑂰𑂔𑂰𑂩 𑂪𑂱𑂎 𑂩𑂯𑂰 𑂯𑂴𑂀,अभी हम बाजार लिख रहा हूँ
𑂄𑂔 𑂯𑂧 𑂍𑂱𑂞𑂰𑂥 𑂪𑂱𑂎 𑂩𑂯𑂰 𑂯𑂴𑂀,आज हम किताब लिख रहा हूँ
𑂔𑂪𑂹𑂠𑂲 𑂩𑂰𑂧 𑂮𑂹𑂍𑂴𑂪 𑂔𑂰 𑂩𑂯𑂰 𑂯𑂴𑂀,जल्दी राम स्कूल जा रहा हूँ
𑂡𑂲𑂩𑂵 𑂧𑂶𑂁 𑂍𑂱𑂞𑂰𑂥 𑂎𑂰 𑂩𑂯𑂰 𑂯𑂴𑂀,धीरे मैं किताब खा रहा हूँ
𑂃𑂦𑂲 𑂮𑂲𑂞𑂰 𑂮𑂹𑂍𑂴𑂪 𑂪𑂱𑂎 𑂩𑂯𑂰 𑂯𑂴𑂀,अभी सीता स्कूल लिख रहा हूँ
𑂔𑂪𑂹𑂠𑂲 𑂫𑂯 𑂍𑂱𑂞𑂰𑂥 𑂪𑂱𑂎 𑂩𑂯𑂰 𑂯𑂴𑂀,जल्दी वह किताब लिख रहा हूँ
𑂡𑂲𑂩𑂵 𑂧𑂶𑂁 𑂍𑂱𑂞𑂰𑂥 𑂔𑂰 𑂩𑂯𑂰 𑂯𑂴𑂀,धीरे मैं किताब जा रहा हूँ
𑂍𑂪 𑂩𑂰𑂧 𑂥𑂰𑂔𑂰𑂩 𑂪𑂱𑂎 𑂩𑂯𑂰 𑂯𑂴𑂀,कल राम बाजार लिख रहा हूँ
𑂍𑂪 𑂮𑂲𑂞𑂰 𑂥𑂰𑂔𑂰𑂩 𑂪𑂱𑂎 𑂩𑂯𑂰 𑂯𑂴𑂀,कल सीता बाजार लिख रहा हूँ
𑂡𑂲𑂩𑂵 𑂧𑂶𑂁 𑂎𑂰𑂢𑂰 𑂠𑂵𑂎 𑂩𑂯𑂰 𑂯𑂴𑂀,धीरे मैं खाना देख रहा हूँ
𑂍𑂪 𑂮𑂲𑂞𑂰 𑂥𑂰𑂔𑂰𑂩 𑂪𑂱𑂎 𑂩𑂯𑂰 𑂯𑂴𑂀,कल सीता बाजार लिख रहा हूँ
𑂡𑂲𑂩𑂵 𑂞𑂳𑂧 𑂮𑂹𑂍𑂴𑂪 𑂎𑂰 𑂩𑂯𑂰 𑂯𑂴𑂀,धीरे तुम स्कूल खा रहा हूँ
𑂡𑂲𑂩𑂵 𑂫𑂯 𑂎𑂰𑂢𑂰 𑂔𑂰 𑂩𑂯𑂰 𑂯𑂴𑂀,धीरे वह खाना जा रहा हूँ
𑂔𑂪𑂹𑂠𑂲 𑂧𑂶𑂁 𑂮𑂹𑂍𑂴𑂪 𑂔𑂰 𑂩𑂯𑂰 𑂯𑂴𑂀,जल्दी मैं स्कूल जा रहा हूँ
𑂔𑂪𑂹𑂠𑂲 𑂩𑂰𑂧 𑂎𑂰𑂢𑂰 𑂪𑂱𑂎 𑂩𑂯𑂰 𑂯𑂴𑂀,जल्दी राम खाना लिख रहा हूँ
𑂍𑂪 𑂫𑂯 𑂐𑂩 𑂔𑂰 𑂩𑂯𑂰 𑂯𑂴𑂀,कल वह घर जा रहा हूँ
𑂔𑂪𑂹𑂠𑂲 𑂧𑂶𑂁 𑂮𑂹𑂍𑂴𑂪 𑂪𑂱𑂎 𑂩𑂯𑂰 𑂯𑂴𑂀,जल्दी मैं स्कूल लिख रहा हूँ
𑂄𑂔 𑂩𑂰𑂧 𑂎𑂰𑂢𑂰 𑂣𑂜 𑂩𑂯𑂰 𑂯𑂴𑂀,आज राम खाना पढ़ रहा हूँ
𑂍𑂪 𑂯𑂧 𑂐𑂩 𑂣𑂜 𑂩𑂯𑂰 𑂯𑂴𑂀,कल हम घर पढ़ रहा हूँ
𑂃𑂦𑂲 𑂫𑂯 𑂥𑂰𑂔𑂰𑂩 𑂠𑂵𑂎 𑂩𑂯𑂰 𑂯𑂴𑂀,अभी वह बाजार देख रहा हूँ
𑂡𑂲𑂩𑂵 𑂧𑂶𑂁 𑂮𑂹𑂍𑂴𑂪 𑂔𑂰 𑂩𑂯𑂰 𑂯𑂴𑂀,धीरे मैं स्कूल जा रहा हूँ
𑂡𑂲𑂩𑂵 𑂩𑂰𑂧 𑂍𑂱𑂞𑂰𑂥 𑂠𑂵𑂎 𑂩𑂯𑂰 𑂯𑂴𑂀,धीरे राम किताब देख रहा हूँ
𑂄𑂔 𑂞𑂳𑂧 𑂮𑂹𑂍𑂴𑂪 𑂔𑂰 𑂩𑂯𑂰 𑂯𑂴𑂀,आज तुम स्कूल जा रहा हूँ
𑂍𑂪 𑂞𑂳𑂧 𑂐𑂩 𑂔𑂰 𑂩𑂯𑂰 𑂯𑂴𑂀,कल तुम घर जा रहा हूँ
𑂡𑂲𑂩𑂵 𑂫𑂯 𑂎𑂰𑂢𑂰 𑂠𑂵𑂎 𑂩𑂯𑂰 𑂯𑂴𑂀,धीरे वह खाना देख रहा हूँ
𑂡𑂲𑂩𑂵 𑂯𑂧 𑂎𑂰𑂢𑂰 𑂎𑂰 𑂩𑂯𑂰 𑂯𑂴𑂀,धीरे हम खाना खा रहा हूँ
𑂍𑂪 𑂮𑂲𑂞𑂰 𑂍𑂱𑂞𑂰𑂥 𑂠𑂵𑂎 𑂩𑂯𑂰 𑂯𑂴𑂀,कल सीता किताब देख रहा हूँ
𑂍𑂪 𑂩𑂰𑂧 𑂐𑂩 𑂎𑂰 𑂩𑂯𑂰 𑂯𑂴𑂀,कल राम घर खा रहा हूँ
𑂡𑂲𑂩𑂵 𑂯𑂧 𑂍𑂱𑂞𑂰𑂥 𑂎𑂰 𑂩𑂯𑂰 𑂯𑂴𑂀,धीरे हम किताब खा रहा हूँ
𑂄𑂔 𑂮𑂲𑂞𑂰 𑂥𑂰𑂔𑂰𑂩 𑂎𑂰 𑂩𑂯𑂰 𑂯𑂴𑂀,आज सीता बाजार खा रहा हूँ
𑂡𑂲𑂩𑂵 𑂫𑂯 𑂥𑂰𑂔𑂰𑂩 𑂪𑂱𑂎 𑂩𑂯𑂰 𑂯𑂴𑂀,धीरे वह बाजार लिख रहा हूँ
𑂔𑂪𑂹𑂠𑂲 𑂞𑂳𑂧 𑂮𑂹𑂍𑂴𑂪 𑂔𑂰 𑂩𑂯𑂰 𑂯𑂴𑂀,जल्दी तुम स्कूल जा रहा हूँ
𑂡𑂲𑂩𑂵 𑂯𑂧 𑂍𑂱𑂞𑂰𑂥 𑂪𑂱𑂎 𑂩𑂯𑂰 𑂯𑂴𑂀,धीरे हम किताब लिख रहा हूँ
𑂔𑂪𑂹𑂠𑂲 𑂯𑂧 𑂍𑂱𑂞𑂰𑂥 𑂪𑂱𑂎 𑂩𑂯𑂰 𑂯𑂴𑂀,जल्दी हम किताब लिख रहा हूँ
𑂄𑂔 𑂞𑂳𑂧 𑂎𑂰𑂢𑂰 𑂎𑂰 𑂩𑂯𑂰 𑂯𑂴𑂀,आज तुम खाना खा रहा हूँ
𑂃𑂦𑂲 𑂩𑂰𑂧 𑂐𑂩 𑂪𑂱𑂎 𑂩𑂯𑂰 𑂯𑂴𑂀,अभी राम घर लिख रहा हूँ
𑂄𑂔 𑂯𑂧 𑂥𑂰𑂔𑂰𑂩 𑂪𑂱𑂎 𑂩𑂯𑂰 𑂯𑂴𑂀,आज हम बाजार लिख रहा हूँ
𑂃𑂦𑂲 𑂧𑂶𑂁 𑂮𑂹𑂍𑂴𑂪 𑂣𑂜 𑂩𑂯𑂰 𑂯𑂴𑂀,अभी मैं स्कूल पढ़ रहा हूँ
𑂄𑂔 𑂧𑂶𑂁 𑂥𑂰𑂔𑂰𑂩 𑂔𑂰 𑂩𑂯𑂰 𑂯𑂴𑂀,आज मैं बाजार जा रहा हूँ
𑂔𑂪𑂹𑂠𑂲 𑂮𑂲𑂞𑂰 𑂥𑂰𑂔𑂰𑂩 𑂔𑂰 𑂩𑂯𑂰 𑂯𑂴𑂀,जल्दी सीता बाजार जा रहा हूँ
𑂡𑂲𑂩𑂵 𑂧𑂶𑂁 𑂍𑂱𑂞𑂰𑂥 𑂣𑂜 𑂩𑂯𑂰 𑂯𑂴𑂀,धीरे मैं किताब पढ़ रहा हूँ
𑂄𑂔 𑂩𑂰𑂧 𑂐𑂩 𑂠𑂵𑂎 𑂩𑂯𑂰 𑂯𑂴𑂀,आज राम घर देख रहा हूँ
𑂔𑂪𑂹𑂠𑂲 𑂫𑂯 𑂐𑂩 𑂔𑂰 𑂩𑂯𑂰 𑂯𑂴𑂀,जल्दी वह घर जा रहा हूँ
𑂍𑂪 𑂯𑂧 𑂎𑂰𑂢𑂰 𑂣𑂜 𑂩𑂯𑂰 𑂯𑂴𑂀,कल हम खाना पढ़ रहा हूँ
𑂔𑂪𑂹𑂠𑂲 𑂞𑂳𑂧 𑂎𑂰𑂢𑂰 𑂣𑂜 𑂩𑂯𑂰 𑂯𑂴𑂀,जल्दी तुम खाना पढ़ रहा हूँ
𑂍𑂪 𑂩𑂰𑂧 𑂮𑂹𑂍𑂴𑂪 𑂠𑂵𑂎 𑂩𑂯𑂰 𑂯𑂴𑂀,कल राम स्कूल देख रहा हूँ
𑂡𑂲𑂩𑂵 𑂞𑂳𑂧 𑂐𑂩 𑂣𑂜 𑂩𑂯𑂰 𑂯𑂴𑂀,धीरे तुम घर पढ़ रहा हूँ
𑂔𑂪𑂹𑂠𑂲 𑂞𑂳𑂧 𑂍𑂱𑂞𑂰𑂥 𑂠𑂵𑂎 𑂩𑂯𑂰 𑂯𑂴𑂀,जल्दी तुम किताब देख रहा हूँ
𑂃𑂦𑂲 𑂩𑂰𑂧 𑂮𑂹𑂍𑂴𑂪 𑂔𑂰 𑂩𑂯𑂰 𑂯𑂴𑂀,अभी राम स्कूल जा रहा हूँ
𑂔𑂪𑂹𑂠𑂲 𑂩𑂰𑂧 𑂥𑂰𑂔𑂰𑂩 𑂣𑂜 𑂩𑂯𑂰 𑂯𑂴𑂀,जल्दी राम बाजार पढ़ रहा हूँ
𑂔𑂪𑂹𑂠𑂲 𑂧𑂶𑂁 𑂮𑂹𑂍𑂴𑂪 𑂔𑂰 𑂩𑂯𑂰 𑂯𑂴𑂀,जल्दी मैं स्कूल जा रहा हूँ
𑂃𑂦𑂲 𑂩𑂰𑂧 𑂮𑂹𑂍𑂴𑂪 𑂔𑂰 𑂩𑂯𑂰 𑂯𑂴𑂀,अभी राम स्कूल जा रहा हूँ
𑂔𑂪𑂹𑂠𑂲 𑂫𑂯 𑂎𑂰𑂢𑂰 𑂎𑂰 𑂩𑂯𑂰 𑂯𑂴𑂀,जल्दी वह खाना खा रहा हूँ
𑂡𑂲𑂩𑂵 𑂫𑂯 𑂎𑂰𑂢𑂰 𑂣𑂜 𑂩𑂯𑂰 𑂯𑂴𑂀,धीरे वह खाना पढ़ रहा हूँ
𑂄𑂔 𑂮𑂲𑂞𑂰 𑂐𑂩 𑂣𑂜 𑂩𑂯𑂰 𑂯𑂴𑂀,आज सीता घर पढ़ रहा हूँ
𑂡𑂲𑂩𑂵 𑂮𑂲𑂞𑂰 𑂮𑂹𑂍𑂴𑂪 𑂪𑂱𑂎 𑂩𑂯𑂰 𑂯𑂴𑂀,धीरे सीता स्कूल लिख रहा हूँ
𑂔𑂪𑂹𑂠𑂲 𑂯𑂧 𑂥𑂰𑂔𑂰𑂩 𑂠𑂵𑂎 𑂩𑂯𑂰 𑂯𑂴𑂀,जल्दी हम बाजार देख रहा हूँ
𑂄𑂔 𑂩𑂰𑂧 𑂥𑂰𑂔𑂰𑂩 𑂎𑂰 𑂩𑂯𑂰 𑂯𑂴𑂀,आज राम बाजार खा रहा हूँ
𑂃𑂦𑂲 𑂯𑂧 𑂥𑂰𑂔𑂰𑂩 𑂎𑂰 𑂩𑂯𑂰 𑂯𑂴𑂀,अभी हम बाजार खा रहा हूँ
𑂍𑂪 𑂞𑂳𑂧 𑂮𑂹𑂍𑂴𑂪 𑂠𑂵𑂎 𑂩𑂯𑂰 𑂯𑂴𑂀,कल तुम स्कूल देख रहा हूँ
𑂄𑂔 𑂫𑂯 𑂐𑂩 𑂪𑂱𑂎 𑂩𑂯𑂰 𑂯𑂴𑂀,आज वह घर लिख रहा हूँ
𑂡𑂲𑂩𑂵 𑂮𑂲𑂞𑂰 𑂮𑂹𑂍𑂴𑂪 𑂣𑂜 𑂩𑂯𑂰 𑂯𑂴𑂀,धीरे सीता स्कूल पढ़ रहा हूँ
𑂔𑂪𑂹𑂠𑂲 𑂩𑂰𑂧 𑂮𑂹𑂍𑂴𑂪 𑂎𑂰 𑂩𑂯𑂰 𑂯𑂴𑂀,जल्दी राम स्कूल खा रहा हूँ
𑂡𑂲𑂩𑂵 𑂫𑂯 𑂎𑂰𑂢𑂰 𑂎𑂰 𑂩𑂯𑂰 𑂯𑂴𑂀,धीरे वह खाना खा रहा हूँ
𑂄𑂔 𑂞𑂳𑂧 𑂐𑂩 𑂪𑂱𑂎 𑂩𑂯𑂰 𑂯𑂴𑂀,आज तुम घर लिख रहा हूँ
𑂄𑂔 𑂧𑂶𑂁 𑂥𑂰𑂔𑂰𑂩 𑂣𑂜 𑂩𑂯𑂰 𑂯𑂴𑂀,आज मैं बाजार पढ़ रहा हूँ
𑂍𑂪 𑂩𑂰𑂧 𑂥𑂰𑂔𑂰𑂩 𑂠𑂵𑂎 𑂩𑂯𑂰 𑂯𑂴𑂀,कल राम बाजार देख रहा हूँ
𑂃𑂦𑂲 𑂧𑂶𑂁 𑂍𑂱𑂞𑂰𑂥 𑂠𑂵𑂎 𑂩𑂯𑂰 𑂯𑂴𑂀,अभी मैं किताब देख रहा हूँ
𑂍𑂪 𑂫𑂯 𑂍𑂱𑂞𑂰𑂥 𑂪𑂱𑂎 𑂩𑂯𑂰 𑂯𑂴𑂀,कल वह किताब लिख रहा हूँ
𑂃𑂦𑂲 𑂫𑂯 𑂮𑂹𑂍𑂴𑂪 𑂣𑂜 𑂩𑂯𑂰 𑂯𑂴𑂀,अभी वह स्कूल पढ़ रहा हूँ
𑂔𑂪𑂹𑂠𑂲 𑂧𑂶𑂁 𑂍𑂱𑂞𑂰𑂥 𑂎𑂰 𑂩𑂯𑂰 𑂯𑂴𑂀,जल्दी मैं किताब खा रहा हूँ
𑂡𑂲𑂩𑂵 𑂩𑂰𑂧 𑂎𑂰𑂢𑂰 𑂎𑂰 𑂩𑂯𑂰 𑂯𑂴𑂀,धीरे राम खाना खा रहा हूँ
𑂡𑂲𑂩𑂵 𑂧𑂶𑂁 𑂮𑂹𑂍𑂴𑂪 𑂣𑂜 𑂩𑂯𑂰 𑂯𑂴𑂀,धीरे मैं स्कूल पढ़ रहा हूँ
𑂄𑂔 𑂮𑂲𑂞𑂰 𑂐𑂩 𑂠𑂵𑂎 𑂩𑂯𑂰 𑂯𑂴𑂀,आज सीता घर देख रहा हूँ
𑂍𑂪 𑂫𑂯 𑂥𑂰𑂔𑂰𑂩 𑂣𑂜 𑂩𑂯𑂰 𑂯𑂴𑂀,कल वह बाजार पढ़ रहा हूँ
𑂍𑂪 𑂞𑂳𑂧 𑂎𑂰𑂢𑂰 𑂎𑂰 𑂩𑂯𑂰 𑂯𑂴𑂀,कल तुम खाना खा रहा हूँ
𑂍𑂪 𑂧𑂶𑂁 𑂎𑂰𑂢𑂰 𑂪𑂱𑂎 𑂩𑂯𑂰 𑂯𑂴𑂀,कल मैं खाना लिख रहा हूँ
𑂔𑂪𑂹𑂠𑂲 𑂧𑂶𑂁 𑂍𑂱𑂞𑂰𑂥 𑂔𑂰 𑂩𑂯𑂰 𑂯𑂴𑂀,जल्दी मैं किताब जा रहा हूँ
𑂔𑂪𑂹𑂠𑂲 𑂞𑂳𑂧 𑂮𑂹𑂍𑂴𑂪 𑂪𑂱𑂎 𑂩𑂯𑂰 𑂯𑂴𑂀,जल्दी तुम स्कूल लिख रहा हूँ
𑂃𑂦𑂲 𑂩𑂰𑂧 𑂍𑂱𑂞𑂰𑂥 𑂠𑂵𑂎 𑂩𑂯𑂰 𑂯𑂴𑂀,अभी राम किताब देख रहा हूँ
𑂍𑂪 𑂫𑂯 𑂥𑂰𑂔𑂰𑂩 𑂪𑂱𑂎 𑂩𑂯𑂰 𑂯𑂴𑂀,कल वह बाजार लिख रहा हूँ
𑂔𑂪𑂹𑂠𑂲 𑂫𑂯 𑂎𑂰𑂢𑂰 𑂣𑂜 𑂩𑂯𑂰 𑂯𑂴𑂀,जल्दी वह खाना पढ़ रहा हूँ
𑂍𑂪 𑂧𑂶𑂁 𑂐𑂩 𑂠𑂵𑂎 𑂩𑂯𑂰 𑂯𑂴𑂀,कल मैं घर देख रहा हूँ
𑂃𑂦𑂲 𑂯𑂧 𑂥𑂰𑂔𑂰𑂩 𑂎𑂰 𑂩𑂯𑂰 𑂯𑂴𑂀,अभी हम बाजार खा रहा हूँ
𑂄𑂔 𑂫𑂯 𑂎𑂰𑂢𑂰 𑂎𑂰 𑂩𑂯𑂰 𑂯𑂴𑂀,आज वह खाना खा रहा हूँ
𑂄𑂔 𑂫𑂯 𑂐𑂩 𑂠𑂵𑂎 𑂩𑂯𑂰 𑂯𑂴𑂀,आज वह घर देख रहा हूँ
𑂃𑂦𑂲 𑂩𑂰𑂧 𑂍𑂱𑂞𑂰𑂥 𑂣𑂜 𑂩𑂯𑂰 𑂯𑂴𑂀,अभी राम किताब पढ़ रहा हूँ
𑂡𑂲𑂩𑂵 𑂮𑂲𑂞𑂰 𑂥𑂰𑂔𑂰𑂩 𑂠𑂵𑂎 𑂩𑂯𑂰 𑂯𑂴𑂀,धीरे सीता बाजार देख रहा हूँ
𑂍𑂪 𑂫𑂯 𑂎𑂰𑂢𑂰 𑂎𑂰 𑂩𑂯𑂰 𑂯𑂴𑂀,कल वह खाना खा रहा हूँ
𑂄𑂔 𑂫𑂯 𑂍𑂱𑂞𑂰𑂥 𑂠𑂵𑂎 𑂩𑂯𑂰 𑂯𑂴𑂀,आज वह किताब देख रहा हूँ
𑂔𑂪𑂹𑂠𑂲 𑂞𑂳𑂧 𑂐𑂩 𑂔𑂰 𑂩𑂯𑂰 𑂯𑂴𑂀,जल्दी तुम घर जा रहा हूँ
𑂔𑂪𑂹𑂠𑂲 𑂞𑂳𑂧 𑂥𑂰𑂔𑂰𑂩 𑂪𑂱𑂎 𑂩𑂯𑂰 𑂯𑂴𑂀,जल्दी तुम बाजार लिख रहा हूँ
𑂔𑂪𑂹𑂠𑂲 𑂯𑂧 𑂍𑂱𑂞𑂰𑂥 𑂔𑂰 𑂩𑂯𑂰 𑂯𑂴𑂀,जल्दी हम किताब जा रहा हूँ
𑂡𑂲𑂩𑂵 𑂮𑂲𑂞𑂰 𑂥𑂰𑂔𑂰𑂩 𑂠𑂵𑂎 𑂩𑂯𑂰 𑂯𑂴𑂀,धीरे सीता बाजार देख रहा हूँ
𑂃𑂦𑂲 𑂩𑂰𑂧 𑂮𑂹𑂍𑂴𑂪 𑂣𑂜 𑂩𑂯𑂰 𑂯𑂴𑂀,अभी राम स्कूल पढ़ रहा हूँ
𑂃𑂦𑂲 𑂮𑂲𑂞𑂰 𑂐𑂩 𑂪𑂱𑂎 𑂩𑂯𑂰 𑂯𑂴𑂀,अभी सीता घर लिख रहा हूँ
𑂃𑂦𑂲 𑂧𑂶𑂁 𑂥𑂰𑂔𑂰𑂩 𑂣𑂜 𑂩𑂯𑂰 𑂯𑂴𑂀,अभी मैं बाजार पढ़ रहा हूँ
𑂡𑂲𑂩𑂵 𑂞𑂳𑂧 𑂥𑂰𑂔𑂰𑂩 𑂠𑂵𑂎 𑂩𑂯𑂰 𑂯𑂴𑂀,धीरे तुम बाजार देख रहा हूँ
𑂔𑂪𑂹𑂠𑂲 𑂫𑂯 𑂐𑂩 𑂪𑂱𑂎 𑂩𑂯𑂰 𑂯𑂴𑂀,जल्दी वह घर लिख रहा हूँ
𑂡𑂲𑂩𑂵 𑂩𑂰𑂧 𑂥𑂰𑂔𑂰𑂩 𑂠𑂵𑂎 𑂩𑂯𑂰 𑂯𑂴𑂀,धीरे राम बाजार देख रहा हूँ
𑂄𑂔 𑂩𑂰𑂧 𑂥𑂰𑂔𑂰𑂩 𑂠𑂵𑂎 𑂩𑂯𑂰 𑂯𑂴𑂀,आज राम बाजार देख रहा हूँ
𑂃𑂦𑂲 𑂯𑂧 𑂎𑂰𑂢𑂰 𑂠𑂵𑂎 𑂩𑂯𑂰 𑂯𑂴𑂀,अभी हम खाना देख रहा हूँ
𑂡𑂲𑂩𑂵 𑂯𑂧 𑂥𑂰𑂔𑂰𑂩 𑂠𑂵𑂎 𑂩𑂯𑂰 𑂯𑂴𑂀,धीरे हम बाजार देख रहा हूँ
𑂃𑂦𑂲 𑂮𑂲𑂞𑂰 𑂎𑂰𑂢𑂰 𑂠𑂵𑂎 𑂩𑂯𑂰 𑂯𑂴𑂀,अभी सीता खाना देख रहा हूँ
𑂔𑂪𑂹𑂠𑂲 𑂫𑂯 𑂥𑂰𑂔𑂰𑂩 𑂔𑂰 𑂩𑂯𑂰 𑂯𑂴𑂀,जल्दी वह बाजार जा रहा हूँ
𑂄𑂔 𑂧𑂶𑂁 𑂎𑂰𑂢𑂰 𑂣𑂜 𑂩𑂯𑂰 𑂯𑂴𑂀,आज मैं खाना पढ़ रहा हूँ
𑂍𑂪 𑂫𑂯 𑂐𑂩 𑂠𑂵𑂎 𑂩𑂯𑂰 𑂯𑂴𑂀,कल वह घर देख रहा हूँ
𑂍𑂪 𑂫𑂯 𑂐𑂩 𑂪𑂱𑂎 𑂩𑂯𑂰 𑂯𑂴𑂀,कल वह घर लिख रहा हूँ
𑂔𑂪𑂹𑂠𑂲 𑂩𑂰𑂧 𑂐𑂩 𑂪𑂱𑂎 𑂩𑂯𑂰 𑂯𑂴𑂀,जल्दी राम घर लिख रहा हूँ
𑂄𑂔 𑂯𑂧 𑂮𑂹𑂍𑂴𑂪 𑂣𑂜 𑂩𑂯𑂰 𑂯𑂴𑂀,आज हम स्कूल पढ़ रहा हूँ
𑂔𑂪𑂹𑂠𑂲 𑂯𑂧 𑂥𑂰𑂔𑂰𑂩 𑂣𑂜 𑂩𑂯𑂰 𑂯𑂴𑂀,जल्दी हम बाजार पढ़ रहा हूँ
𑂔𑂪𑂹𑂠𑂲 𑂩𑂰𑂧 𑂐𑂩 𑂎𑂰 𑂩𑂯𑂰 𑂯𑂴𑂀,जल्दी राम घर खा रहा हूँ
𑂄𑂔 𑂯𑂧 𑂮𑂹𑂍𑂴𑂪 𑂎𑂰 𑂩𑂯𑂰 𑂯𑂴𑂀,आज हम स्कूल खा रहा हूँ
𑂍𑂪 𑂮𑂲𑂞𑂰 𑂍𑂱𑂞𑂰𑂥 𑂣𑂜 𑂩𑂯𑂰 𑂯𑂴𑂀,कल सीता किताब पढ़ रहा हूँ
𑂍𑂪 𑂧𑂶𑂁 𑂍𑂱𑂞𑂰𑂥 𑂣𑂜 𑂩𑂯𑂰 𑂯𑂴𑂀,कल मैं किताब पढ़ रहा हूँ
𑂡𑂲𑂩𑂵 𑂫𑂯 𑂎𑂰𑂢𑂰 𑂣𑂜 𑂩𑂯𑂰 𑂯𑂴𑂀,धीरे वह खाना पढ़ रहा हूँ
𑂡𑂲𑂩𑂵 𑂯𑂧 𑂥𑂰𑂔𑂰𑂩 𑂪𑂱𑂎 𑂩𑂯𑂰 𑂯𑂴𑂀,धीरे हम बाजार लिख रहा हूँ
𑂔𑂪𑂹𑂠𑂲 𑂮𑂲𑂞𑂰 𑂎𑂰𑂢𑂰 𑂪𑂱𑂎 𑂩𑂯𑂰 𑂯𑂴𑂀,जल्दी सीता खाना लिख रहा हूँ
𑂍𑂪 𑂯𑂧 𑂍𑂱𑂞𑂰𑂥 𑂔𑂰 𑂩𑂯𑂰 𑂯𑂴𑂀,कल हम किताब जा रहा हूँ
𑂍𑂪 𑂫𑂯 𑂥𑂰𑂔𑂰𑂩 𑂪𑂱𑂎 𑂩𑂯𑂰 𑂯𑂴𑂀,कल वह बाजार लिख रहा हूँ
𑂃𑂦𑂲 𑂧𑂶𑂁 𑂮𑂹𑂍𑂴𑂪 𑂔𑂰 𑂩𑂯𑂰 𑂯𑂴𑂀,अभी मैं स्कूल जा रहा हूँ
𑂔𑂪𑂹𑂠𑂲 𑂫𑂯 𑂥𑂰𑂔𑂰𑂩 𑂠𑂵𑂎 𑂩𑂯𑂰 𑂯𑂴𑂀,जल्दी वह बाजार देख रहा हूँ
𑂍𑂪 𑂩𑂰𑂧 𑂍𑂱𑂞𑂰𑂥 𑂎𑂰 𑂩𑂯𑂰 𑂯𑂴𑂀,कल राम किताब खा रहा हूँ
𑂡𑂲𑂩𑂵 𑂞𑂳𑂧 𑂮𑂹𑂍𑂴𑂪 𑂣𑂜 𑂩𑂯𑂰 𑂯𑂴𑂀,धीरे तुम स्कूल पढ़ रहा हूँ
𑂔𑂪𑂹𑂠𑂲 𑂞𑂳𑂧 𑂐𑂩 𑂠𑂵𑂎 𑂩𑂯𑂰 𑂯𑂴𑂀,जल्दी तुम घर देख रहा हूँ
𑂔𑂪𑂹𑂠𑂲 𑂞𑂳𑂧 𑂎𑂰𑂢𑂰 𑂠𑂵𑂎 𑂩𑂯𑂰 𑂯𑂴𑂀,जल्दी तुम खाना देख रहा हूँ
𑂔𑂪𑂹𑂠𑂲 𑂫𑂯 𑂐𑂩 𑂪𑂱𑂎 𑂩𑂯𑂰 𑂯𑂴𑂀,जल्दी वह घर लिख रहा हूँ
𑂔𑂪𑂹𑂠𑂲 𑂩𑂰𑂧 𑂍𑂱𑂞𑂰𑂥 𑂎𑂰 𑂩𑂯𑂰 𑂯𑂴𑂀,जल्दी राम किताब खा रहा हूँ
𑂄𑂔 𑂩𑂰𑂧 𑂐𑂩 𑂪𑂱𑂎 𑂩𑂯𑂰 𑂯𑂴𑂀,आज राम घर लिख रहा हूँ
𑂃𑂦𑂲 𑂞𑂳𑂧 𑂥𑂰𑂔𑂰𑂩 𑂠𑂵𑂎 𑂩𑂯𑂰 𑂯𑂴𑂀,अभी तुम बाजार देख रहा हूँ
𑂔𑂪𑂹𑂠𑂲 𑂮𑂲𑂞𑂰 𑂐𑂩 𑂠𑂵𑂎 𑂩𑂯𑂰 𑂯𑂴𑂀,जल्दी सीता घर देख रहा हूँ
𑂔𑂪𑂹𑂠𑂲 𑂞𑂳𑂧 𑂥𑂰𑂔𑂰𑂩 𑂎𑂰 𑂩𑂯𑂰 𑂯𑂴𑂀,जल्दी तुम बाजार खा रहा हूँ
𑂄𑂔 𑂮𑂲𑂞𑂰 𑂎𑂰𑂢𑂰 𑂔𑂰 𑂩𑂯𑂰 𑂯𑂴𑂀,आज सीता खाना जा रहा हूँ
𑂡𑂲𑂩𑂵 𑂮𑂲𑂞𑂰 𑂎𑂰𑂢𑂰 𑂪𑂱𑂎 𑂩𑂯𑂰 𑂯𑂴𑂀,धीरे सीता खाना लिख रहा हूँ
𑂍𑂪 𑂫𑂯 𑂮𑂹𑂍𑂴𑂪 𑂣𑂜 𑂩𑂯𑂰 𑂯𑂴𑂀,कल वह स्कूल पढ़ रहा हूँ
𑂔𑂪𑂹𑂠𑂲 𑂮𑂲𑂞𑂰 𑂐𑂩 𑂠𑂵𑂎 𑂩𑂯𑂰 𑂯𑂴𑂀,जल्दी सीता घर देख रहा हूँ
𑂡𑂲𑂩𑂵 𑂞𑂳𑂧 𑂥𑂰𑂔𑂰𑂩 𑂎𑂰 𑂩𑂯𑂰 𑂯𑂴𑂀,धीरे तुम बाजार खा रहा हूँ
𑂍𑂪 𑂯𑂧 𑂎𑂰𑂢𑂰 𑂣𑂜 𑂩𑂯𑂰 𑂯𑂴𑂀,कल हम खाना पढ़ रहा हूँ
𑂡𑂲𑂩𑂵 𑂩𑂰𑂧 𑂍𑂱𑂞𑂰𑂥 𑂎𑂰 𑂩𑂯𑂰 𑂯𑂴𑂀,धीरे राम किताब खा रहा हूँ
𑂡𑂲𑂩𑂵 𑂫𑂯 𑂥𑂰𑂔𑂰𑂩 𑂠𑂵𑂎 𑂩𑂯𑂰 𑂯𑂴𑂀,धीरे वह बाजार देख रहा हूँ
𑂔𑂪𑂹𑂠𑂲 𑂩𑂰𑂧 𑂎𑂰𑂢𑂰 𑂪𑂱𑂎 𑂩𑂯𑂰 𑂯𑂴𑂀,जल्दी राम खाना लिख रहा हूँ
𑂃𑂦𑂲 𑂧𑂶𑂁 𑂥𑂰𑂔𑂰𑂩 𑂣𑂜 𑂩𑂯𑂰 𑂯𑂴𑂀,अभी मैं बाजार पढ़ रहा हूँ
𑂔𑂪𑂹𑂠𑂲 𑂮𑂲𑂞𑂰 𑂍𑂱𑂞𑂰𑂥 𑂔𑂰 𑂩𑂯𑂰 𑂯𑂴𑂀,जल्दी सीता किताब जा रहा हूँ
𑂔𑂪𑂹𑂠𑂲 𑂧𑂶𑂁 𑂮𑂹𑂍𑂴𑂪 𑂎𑂰 𑂩𑂯𑂰 𑂯𑂴𑂀,जल्दी मैं स्कूल खा रहा हूँ
𑂄𑂔 𑂞𑂳𑂧 𑂥𑂰𑂔𑂰𑂩 𑂔𑂰 𑂩𑂯𑂰 𑂯𑂴𑂀,आज तुम बाजार जा रहा हूँ
𑂃𑂦𑂲 𑂫𑂯 𑂍𑂱𑂞𑂰𑂥 𑂪𑂱𑂎 𑂩𑂯𑂰 𑂯𑂴𑂀,अभी वह किताब लिख रहा हूँ
𑂃𑂦𑂲 𑂯𑂧 𑂐𑂩 𑂪𑂱𑂎 𑂩𑂯𑂰 𑂯𑂴𑂀,अभी हम घर लिख रहा हूँ
𑂔𑂪𑂹𑂠𑂲 𑂮𑂲𑂞𑂰 𑂍𑂱𑂞𑂰𑂥 𑂣𑂜 𑂩𑂯𑂰 𑂯𑂴𑂀,जल्दी सीता किताब पढ़ रहा हूँ
𑂔𑂪𑂹𑂠𑂲 𑂧𑂶𑂁 𑂍𑂱𑂞𑂰𑂥 𑂪𑂱𑂎 𑂩𑂯𑂰 𑂯𑂴𑂀,जल्दी मैं किताब लिख रहा हूँ
𑂔𑂪𑂹𑂠𑂲 𑂧𑂶𑂁 𑂮𑂹𑂍𑂴𑂪 𑂔𑂰 𑂩𑂯𑂰 𑂯𑂴𑂀,जल्दी मैं स्कूल जा रहा हूँ
𑂄𑂔 𑂩𑂰𑂧 𑂮𑂹𑂍𑂴𑂪 𑂎𑂰 𑂩𑂯𑂰 𑂯𑂴𑂀,आज राम स्कूल खा रहा हूँ
𑂔𑂪𑂹𑂠𑂲 𑂧𑂶𑂁 𑂍𑂱𑂞𑂰𑂥 𑂪𑂱𑂎 𑂩𑂯𑂰 𑂯𑂴𑂀,जल्दी मैं किताब लिख रहा हूँ
𑂡𑂲𑂩𑂵 𑂯𑂧 𑂮𑂹𑂍𑂴𑂪 𑂠𑂵𑂎 𑂩𑂯𑂰 𑂯𑂴𑂀,धीरे हम स्कूल देख रहा हूँ
𑂃𑂦𑂲 𑂫𑂯 𑂮𑂹𑂍𑂴𑂪 𑂠𑂵𑂎 𑂩𑂯𑂰 𑂯𑂴𑂀,अभी वह स्कूल देख रहा हूँ
𑂍𑂪 𑂮𑂲𑂞𑂰 𑂍𑂱𑂞𑂰𑂥 𑂎𑂰 𑂩𑂯𑂰 𑂯𑂴𑂀,कल सीता किताब खा रहा हूँ
𑂃𑂦𑂲 𑂯𑂧 𑂎𑂰𑂢𑂰 𑂣𑂜 𑂩𑂯𑂰 𑂯𑂴𑂀,अभी हम खाना पढ़ रहा हूँ
𑂄𑂔 𑂯𑂧 𑂐𑂩 𑂠𑂵𑂎 𑂩𑂯𑂰 𑂯𑂴𑂀,आज हम घर देख रहा हूँ
𑂡𑂲𑂩𑂵 𑂮𑂲𑂞𑂰 𑂮𑂹𑂍𑂴𑂪 𑂣𑂜 𑂩𑂯𑂰 𑂯𑂴𑂀,धीरे सीता स्कूल पढ़ रहा हूँ
𑂡𑂲𑂩𑂵 𑂮𑂲𑂞𑂰 𑂍𑂱𑂞𑂰𑂥 𑂎𑂰 𑂩𑂯𑂰 𑂯𑂴𑂀,धीरे सीता किताब खा रहा हूँ
𑂍𑂪 𑂧𑂶𑂁 𑂎𑂰𑂢𑂰 𑂪𑂱𑂎 𑂩𑂯𑂰 𑂯𑂴𑂀,कल मैं खाना लिख रहा हूँ
𑂡𑂲𑂩𑂵 𑂫𑂯 𑂎𑂰𑂢𑂰 𑂎𑂰 𑂩𑂯𑂰 𑂯𑂴𑂀,धीरे वह खाना खा रहा हूँ
𑂍𑂪 𑂮𑂲𑂞𑂰 𑂮𑂹𑂍𑂴𑂪 𑂎𑂰 𑂩𑂯𑂰 𑂯𑂴𑂀,कल सीता स्कूल खा रहा हूँ
𑂍𑂪 𑂞𑂳𑂧 𑂍𑂱𑂞𑂰𑂥 𑂠𑂵𑂎 𑂩𑂯𑂰 𑂯𑂴𑂀,कल तुम किताब देख रहा हूँ
𑂄𑂔 𑂞𑂳𑂧 𑂍𑂱𑂞𑂰𑂥 𑂣𑂜 𑂩𑂯𑂰 𑂯𑂴𑂀,आज तुम किताब पढ़ रहा हूँ
𑂡𑂲𑂩𑂵 𑂮𑂲𑂞𑂰 𑂐𑂩 𑂎𑂰 𑂩𑂯𑂰 𑂯𑂴𑂀,धीरे सीता घर खा रहा हूँ
𑂡𑂲𑂩𑂵 𑂮𑂲𑂞𑂰 𑂐𑂩 𑂣𑂜 𑂩𑂯𑂰 𑂯𑂴𑂀,धीरे सीता घर पढ़ रहा हूँ
𑂔𑂪𑂹𑂠𑂲 𑂮𑂲𑂞𑂰 𑂐𑂩 𑂠𑂵𑂎 𑂩𑂯𑂰 𑂯𑂴𑂀,जल्दी सीता घर देख रहा हूँ
𑂃𑂦𑂲 𑂮𑂲𑂞𑂰 𑂎𑂰𑂢𑂰 𑂪𑂱𑂎 𑂩𑂯𑂰 𑂯𑂴𑂀,अभी सीता खाना लिख रहा हूँ
𑂃𑂦𑂲 𑂮𑂲𑂞𑂰 𑂍𑂱𑂞𑂰𑂥 𑂎𑂰 𑂩𑂯𑂰 𑂯𑂴𑂀,अभी सीता किताब खा रहा हूँ
𑂔𑂪𑂹𑂠𑂲 𑂮𑂲𑂞𑂰 𑂥𑂰𑂔𑂰𑂩 𑂪𑂱𑂎 𑂩𑂯𑂰 𑂯𑂴𑂀,जल्दी सीता बाजार लिख रहा हूँ
𑂄𑂔 𑂩𑂰𑂧 𑂥𑂰𑂔𑂰𑂩 𑂎𑂰 𑂩𑂯𑂰 𑂯𑂴𑂀,आज राम बाजार खा रहा हूँ
𑂃𑂦𑂲 𑂧𑂶𑂁 𑂐𑂩 𑂎𑂰 𑂩𑂯𑂰 𑂯𑂴𑂀,अभी मैं घर खा रहा हूँ
𑂃𑂦𑂲 𑂞𑂳𑂧 𑂥𑂰𑂔𑂰𑂩 𑂎𑂰 𑂩𑂯𑂰 𑂯𑂴𑂀,अभी तुम बाजार खा रहा हूँ
𑂄𑂔 𑂮𑂲𑂞𑂰 𑂍𑂱𑂞𑂰𑂥 𑂪𑂱𑂎 𑂩𑂯𑂰 𑂯𑂴𑂀,आज सीता किताब लिख रहा हूँ
𑂍𑂪 𑂯𑂧 𑂍𑂱𑂞𑂰𑂥 𑂔𑂰 𑂩𑂯𑂰 𑂯𑂴𑂀,कल हम किताब जा रहा हूँ
𑂄𑂔 𑂮𑂲𑂞𑂰 𑂐𑂩 𑂠𑂵𑂎 𑂩𑂯𑂰 𑂯𑂴𑂀,आज सीता घर देख रहा हूँ
𑂍𑂪 𑂮𑂲𑂞𑂰 𑂥𑂰𑂔𑂰𑂩 𑂔𑂰 𑂩𑂯𑂰 𑂯𑂴𑂀,कल सीता बाजार जा रहा हूँ
𑂍𑂪 𑂯𑂧 𑂐𑂩 𑂔𑂰 𑂩𑂯𑂰 𑂯𑂴𑂀,कल हम घर जा रहा हूँ
𑂄𑂔 𑂯𑂧 𑂎𑂰𑂢𑂰 𑂠𑂵𑂎 𑂩𑂯𑂰 𑂯𑂴𑂀,आज हम खाना देख रहा हूँ
𑂔𑂪𑂹𑂠𑂲 𑂧𑂶𑂁 𑂥𑂰𑂔𑂰𑂩 𑂔𑂰 𑂩𑂯𑂰 𑂯𑂴𑂀,जल्दी मैं बाजार जा रहा हूँ
𑂡𑂲𑂩𑂵 𑂞𑂳𑂧 𑂥𑂰𑂔𑂰𑂩 𑂪𑂱𑂎 𑂩𑂯𑂰 𑂯𑂴𑂀,धीरे तुम बाजार लिख रहा हूँ
𑂔𑂪𑂹𑂠𑂲 𑂞𑂳𑂧 𑂐𑂩 𑂣𑂜 𑂩𑂯𑂰 𑂯𑂴𑂀,जल्दी तुम घर पढ़ रहा हूँ
𑂃𑂦𑂲 𑂩𑂰𑂧 𑂥𑂰𑂔𑂰𑂩 𑂣𑂜 𑂩𑂯𑂰 𑂯𑂴𑂀,अभी राम बाजार पढ़ रहा हूँ
𑂔𑂪𑂹𑂠𑂲 𑂯𑂧 𑂮𑂹𑂍𑂴𑂪 𑂔𑂰 𑂩𑂯𑂰 𑂯𑂴𑂀,जल्दी हम स्कूल जा रहा हूँ
𑂔𑂪𑂹𑂠𑂲 𑂞𑂳𑂧 𑂎𑂰𑂢𑂰 𑂪𑂱𑂎 𑂩𑂯𑂰 𑂯𑂴𑂀,जल्दी तुम खाना लिख रहा हूँ
𑂡𑂲𑂩𑂵 𑂧𑂶𑂁 𑂐𑂩 𑂎𑂰 𑂩𑂯𑂰 𑂯𑂴𑂀,धीरे मैं घर खा रहा हूँ
𑂍𑂪 𑂯𑂧 𑂎𑂰𑂢𑂰 𑂪𑂱𑂎 𑂩𑂯𑂰 𑂯𑂴𑂀,कल हम खाना लिख रहा हूँ
𑂃𑂦𑂲 𑂮𑂲𑂞𑂰 𑂎𑂰𑂢𑂰 𑂔𑂰 𑂩𑂯𑂰 𑂯𑂴𑂀,अभी सीता खाना जा रहा हूँ
𑂔𑂪𑂹𑂠𑂲 𑂫𑂯 𑂎𑂰𑂢𑂰 𑂣𑂜 𑂩𑂯𑂰 𑂯𑂴𑂀,जल्दी वह खाना पढ़ रहा हूँ
𑂔𑂪𑂹𑂠𑂲 𑂩𑂰𑂧 𑂍𑂱𑂞𑂰𑂥 𑂠𑂵𑂎 𑂩𑂯𑂰 𑂯𑂴𑂀,जल्दी राम किताब देख रहा हूँ
𑂍𑂪 𑂩𑂰𑂧 𑂐𑂩 𑂠𑂵𑂎 𑂩𑂯𑂰 𑂯𑂴𑂀,कल राम घर देख रहा हूँ
𑂡𑂲𑂩𑂵 𑂧𑂶𑂁 𑂍𑂱𑂞𑂰𑂥 𑂣𑂜 𑂩𑂯𑂰 𑂯𑂴𑂀,धीरे मैं किताब पढ़ रहा हूँ
𑂔𑂪𑂹𑂠𑂲 𑂯𑂧 𑂎𑂰𑂢𑂰 𑂠𑂵𑂎 𑂩𑂯𑂰 𑂯𑂴𑂀,जल्दी हम खाना देख रहा हूँ
𑂃𑂦𑂲 𑂩𑂰𑂧 𑂥𑂰𑂔𑂰𑂩 𑂣𑂜 𑂩𑂯𑂰 𑂯𑂴𑂀,अभी राम बाजार पढ़ रहा हूँ
𑂍𑂪 𑂞𑂳𑂧 𑂍𑂱𑂞𑂰𑂥 𑂣𑂜 𑂩𑂯𑂰 𑂯𑂴𑂀,कल तुम किताब पढ़ रहा हूँ
𑂃𑂦𑂲 𑂩𑂰𑂧 𑂍𑂱𑂞𑂰𑂥 𑂔𑂰 𑂩𑂯𑂰 𑂯𑂴𑂀,अभी राम किताब जा रहा हूँ
𑂔𑂪𑂹𑂠𑂲 𑂯𑂧 𑂥𑂰𑂔𑂰𑂩 𑂎𑂰 𑂩𑂯𑂰 𑂯𑂴𑂀,जल्दी हम बाजार खा रहा हूँ
𑂡𑂲𑂩𑂵 𑂯𑂧 𑂎𑂰𑂢𑂰 𑂎𑂰 𑂩𑂯𑂰 𑂯𑂴𑂀,धीरे हम खाना खा रहा हूँ
𑂔𑂪𑂹𑂠𑂲 𑂞𑂳𑂧 𑂎𑂰𑂢𑂰 𑂪𑂱𑂎 𑂩𑂯𑂰 𑂯𑂴𑂀,जल्दी तुम खाना लिख रहा हूँ
𑂃𑂦𑂲 𑂞𑂳𑂧 𑂐𑂩 𑂎𑂰 𑂩𑂯𑂰 𑂯𑂴𑂀,अभी तुम घर खा रहा हूँ
𑂍𑂪 𑂫𑂯 𑂎𑂰𑂢𑂰 𑂔𑂰 𑂩𑂯𑂰 𑂯𑂴𑂀,कल वह खाना जा रहा हूँ
𑂄𑂔 𑂯𑂧 𑂍𑂱𑂞𑂰𑂥 𑂠𑂵𑂎 𑂩𑂯𑂰 𑂯𑂴𑂀,आज हम किताब देख रहा हूँ
𑂔𑂪𑂹𑂠𑂲 𑂧𑂶𑂁 𑂐𑂩 𑂪𑂱𑂎 𑂩𑂯𑂰 𑂯𑂴𑂀,जल्दी मैं घर लिख रहा हूँ
𑂄𑂔 𑂧𑂶𑂁 𑂥𑂰𑂔𑂰𑂩 𑂎𑂰 𑂩𑂯𑂰 𑂯𑂴𑂀,आज मैं बाजार खा रहा हूँ
𑂔𑂪𑂹𑂠𑂲 𑂮𑂲𑂞𑂰 𑂍𑂱𑂞𑂰𑂥 𑂎𑂰 𑂩𑂯𑂰 𑂯𑂴𑂀,जल्दी सीता किताब खा रहा हूँ
𑂡𑂲𑂩𑂵 𑂧𑂶𑂁 𑂎𑂰𑂢𑂰 𑂔𑂰 𑂩𑂯𑂰 𑂯𑂴𑂀,धीरे मैं खाना जा रहा हूँ
𑂡𑂲𑂩𑂵 𑂞𑂳𑂧 𑂥𑂰𑂔𑂰𑂩 𑂪𑂱𑂎 𑂩𑂯𑂰 𑂯𑂴𑂀,धीरे तुम बाजार लिख रहा हूँ
𑂡𑂲𑂩𑂵 𑂯𑂧 𑂥𑂰𑂔𑂰𑂩 𑂔𑂰 𑂩𑂯𑂰 𑂯𑂴𑂀,धीरे हम बाजार जा रहा हूँ
𑂄𑂔 𑂧𑂶𑂁 𑂮𑂹𑂍𑂴𑂪 𑂪𑂱𑂎 𑂩𑂯𑂰 𑂯𑂴𑂀,आज मैं स्कूल लिख रहा हूँ
𑂃𑂦𑂲 𑂫𑂯 𑂎𑂰𑂢𑂰 𑂪𑂱𑂎 𑂩𑂯𑂰 𑂯𑂴𑂀,अभी वह खाना लिख रहा हूँ
𑂔𑂪𑂹𑂠𑂲 𑂮𑂲𑂞𑂰 𑂮𑂹𑂍𑂴𑂪 𑂠𑂵𑂎 𑂩𑂯𑂰 𑂯𑂴𑂀,जल्दी सीता स्कूल देख रहा हूँ
𑂃𑂦𑂲 𑂫𑂯 𑂐𑂩 𑂠𑂵𑂎 𑂩𑂯𑂰 𑂯𑂴𑂀,अभी वह घर देख रहा हूँ
𑂍𑂪 𑂫𑂯 𑂎𑂰𑂢𑂰 𑂎𑂰 𑂩𑂯𑂰 𑂯𑂴𑂀,कल वह खाना खा रहा हूँ
𑂃𑂦𑂲 𑂮𑂲𑂞𑂰 𑂮𑂹𑂍𑂴𑂪 𑂪𑂱𑂎 𑂩𑂯𑂰 𑂯𑂴𑂀,अभी सीता स्कूल लिख रहा हूँ
𑂍𑂪 𑂧𑂶𑂁 𑂎𑂰𑂢𑂰 𑂣𑂜 𑂩𑂯𑂰 𑂯𑂴𑂀,कल मैं खाना पढ़ रहा हूँ
𑂔𑂪𑂹𑂠𑂲 𑂯𑂧 𑂍𑂱𑂞𑂰𑂥 𑂣𑂜 𑂩𑂯𑂰 𑂯𑂴𑂀,जल्दी हम किताब पढ़ रहा हूँ
𑂔𑂪𑂹𑂠𑂲 𑂩𑂰𑂧 𑂎𑂰𑂢𑂰 𑂪𑂱𑂎 𑂩𑂯𑂰 𑂯𑂴𑂀,जल्दी राम खाना लिख रहा हूँ
𑂔𑂪𑂹𑂠𑂲 𑂧𑂶𑂁 𑂐𑂩 𑂪𑂱𑂎 𑂩𑂯𑂰 𑂯𑂴𑂀,जल्दी मैं घर लिख रहा हूँ
𑂡𑂲𑂩𑂵 𑂩𑂰𑂧 𑂐𑂩 𑂪𑂱𑂎 𑂩𑂯𑂰 𑂯𑂴𑂀,धीरे राम घर लिख रहा हूँ
𑂔𑂪𑂹𑂠𑂲 𑂮𑂲𑂞𑂰 𑂐𑂩 𑂎𑂰 𑂩𑂯𑂰 𑂯𑂴𑂀,जल्दी सीता घर खा रहा हूँ
𑂍𑂪 𑂯𑂧 𑂐𑂩 𑂣𑂜 𑂩𑂯𑂰 𑂯𑂴𑂀,कल हम घर पढ़ रहा हूँ
𑂃𑂦𑂲 𑂮𑂲𑂞𑂰 𑂮𑂹𑂍𑂴𑂪 𑂠𑂵𑂎 𑂩𑂯𑂰 𑂯𑂴𑂀,अभी सीता स्कूल देख रहा हूँ
𑂔𑂪𑂹𑂠𑂲 𑂞𑂳𑂧 𑂎𑂰𑂢𑂰 𑂪𑂱𑂎 𑂩𑂯𑂰 𑂯𑂴𑂀,जल्दी तुम खाना लिख रहा हूँ
𑂄𑂔 𑂞𑂳𑂧 𑂐𑂩 𑂣𑂜 𑂩𑂯𑂰 𑂯𑂴𑂀,आज तुम घर पढ़ रहा हूँ
𑂔𑂪𑂹𑂠𑂲 𑂧𑂶𑂁 𑂐𑂩 𑂎𑂰 𑂩𑂯𑂰 𑂯𑂴𑂀,जल्दी मैं घर खा रहा हूँ
𑂔𑂪𑂹𑂠𑂲 𑂞𑂳𑂧 𑂎𑂰𑂢𑂰 𑂪𑂱𑂎 𑂩𑂯𑂰 𑂯𑂴𑂀,जल्दी तुम खाना लिख रहा हूँ
𑂔𑂪𑂹𑂠𑂲 𑂩𑂰𑂧 𑂮𑂹𑂍𑂴𑂪 𑂣𑂜 𑂩𑂯𑂰 𑂯𑂴𑂀,जल्दी राम स्कूल पढ़ रहा हूँ
𑂍𑂪 𑂧𑂶𑂁 𑂮𑂹𑂍𑂴𑂪 𑂪𑂱𑂎 𑂩𑂯𑂰 𑂯𑂴𑂀,कल मैं स्कूल लिख रहा हूँ
𑂃𑂦𑂲 𑂞𑂳𑂧 𑂍𑂱𑂞𑂰𑂥 𑂪𑂱𑂎 𑂩𑂯𑂰 𑂯𑂴𑂀,अभी तुम किताब लिख रहा हूँ
𑂍𑂪 𑂫𑂯 𑂥𑂰𑂔𑂰𑂩 𑂠𑂵𑂎 𑂩𑂯𑂰 𑂯𑂴𑂀,कल वह बाजार देख रहा हूँ
𑂄𑂔 𑂧𑂶𑂁 𑂍𑂱𑂞𑂰𑂥 𑂪𑂱𑂎 𑂩𑂯𑂰 𑂯𑂴𑂀,आज मैं किताब लिख रहा हूँ
𑂄𑂔 𑂩𑂰𑂧 𑂍𑂱𑂞𑂰𑂥 𑂠𑂵𑂎 𑂩𑂯𑂰 𑂯𑂴𑂀,आज राम किताब देख रहा हूँ
𑂄𑂔 𑂞𑂳𑂧 𑂮𑂹𑂍𑂴𑂪 𑂣𑂜 𑂩𑂯𑂰 𑂯𑂴𑂀,आज तुम स्कूल पढ़ रहा हूँ
𑂡𑂲𑂩𑂵 𑂧𑂶𑂁 𑂐𑂩 𑂣𑂜 𑂩𑂯𑂰 𑂯𑂴𑂀,धीरे मैं घर पढ़ रहा हूँ
𑂃𑂦𑂲 𑂧𑂶𑂁 𑂥𑂰𑂔𑂰𑂩 𑂠𑂵𑂎 𑂩𑂯𑂰 𑂯𑂴𑂀,अभी मैं बाजार देख रहा हूँ
𑂔𑂪𑂹𑂠𑂲 𑂮𑂲𑂞𑂰 𑂎𑂰𑂢𑂰 𑂠𑂵𑂎 𑂩𑂯𑂰 𑂯𑂴𑂀,जल्दी सीता खाना देख रहा हूँ
𑂄𑂔 𑂩𑂰𑂧 𑂎𑂰𑂢𑂰 𑂠𑂵𑂎 𑂩𑂯𑂰 𑂯𑂴𑂀,आज राम खाना देख रहा हूँ
𑂔𑂪𑂹𑂠𑂲 𑂫𑂯 𑂍𑂱𑂞𑂰𑂥 𑂔𑂰 𑂩𑂯𑂰 𑂯𑂴𑂀,जल्दी वह किताब जा रहा हूँ
𑂡𑂲𑂩𑂵 𑂞𑂳𑂧 𑂐𑂩 𑂪𑂱𑂎 𑂩𑂯𑂰 𑂯𑂴𑂀,धीरे तुम घर लिख रहा हूँ
𑂄𑂔 𑂫𑂯 𑂥𑂰𑂔𑂰𑂩 𑂪𑂱𑂎 𑂩𑂯𑂰 𑂯𑂴𑂀,आज वह बाजार लिख रहा हूँ
𑂔𑂪𑂹𑂠𑂲 𑂮𑂲𑂞𑂰 𑂮𑂹𑂍𑂴𑂪 𑂔𑂰 𑂩𑂯𑂰 𑂯𑂴𑂀,जल्दी सीता स्कूल जा रहा हूँ
𑂄𑂔 𑂞𑂳𑂧 𑂥𑂰𑂔𑂰𑂩 𑂪𑂱𑂎 𑂩𑂯𑂰 𑂯𑂴𑂀,आज तुम बाजार लिख रहा हूँ
𑂔𑂪𑂹𑂠𑂲 𑂮𑂲𑂞𑂰 𑂮𑂹𑂍𑂴𑂪 𑂎𑂰 𑂩𑂯𑂰 𑂯𑂴𑂀,जल्दी सीता स्कूल खा रहा हूँ
𑂍𑂪 𑂫𑂯 𑂎𑂰𑂢𑂰 𑂪𑂱𑂎 𑂩𑂯𑂰 𑂯𑂴𑂀,कल वह खाना लिख रहा हूँ
𑂡𑂲𑂩𑂵 𑂯𑂧 𑂍𑂱𑂞𑂰𑂥 𑂔𑂰 𑂩𑂯𑂰 𑂯𑂴𑂀,धीरे हम किताब जा रहा हूँ
𑂄𑂔 𑂫𑂯 𑂍𑂱𑂞𑂰𑂥 𑂎𑂰 𑂩𑂯𑂰 𑂯𑂴𑂀,आज वह किताब खा रहा हूँ
𑂔𑂪𑂹𑂠𑂲 𑂞𑂳𑂧 𑂍𑂱𑂞𑂰𑂥 𑂔𑂰 𑂩𑂯𑂰 𑂯𑂴𑂀,जल्दी तुम किताब जा रहा हूँ
𑂡𑂲𑂩𑂵 𑂫𑂯 𑂎𑂰𑂢𑂰 𑂠𑂵𑂎 𑂩𑂯𑂰 𑂯𑂴𑂀,धीरे वह खाना देख रहा हूँ
𑂃𑂦𑂲 𑂩𑂰𑂧 𑂎𑂰𑂢𑂰 𑂔𑂰 𑂩𑂯𑂰 𑂯𑂴𑂀,अभी राम खाना जा रहा हूँ
𑂃𑂦𑂲 𑂩𑂰𑂧 𑂥𑂰𑂔𑂰𑂩 𑂎𑂰 𑂩𑂯𑂰 𑂯𑂴𑂀,अभी राम बाजार खा रहा हूँ
𑂔𑂪𑂹𑂠𑂲 𑂞𑂳𑂧 𑂥𑂰𑂔𑂰𑂩 𑂣𑂜 𑂩𑂯𑂰 𑂯𑂴𑂀,जल्दी तुम बाजार पढ़ रहा हूँ
